1,187,6,Θηλαστικό,Σαρκοφάγο,Γκρίζος Λύκος,Χάιδω,6,40,2023-01-17
2,277,10,Θηλαστικό,Φυτοφάγο,Κόκκινο Πάντα,Αφέντης,10,2,2023-01-12
3,214,21,Ερπετό,Σαρκοφάγο,Πύθωνας,Αίας,8,144,2023-01-21
4,344,2,Θηλαστικό,Παμφάγο,Αλεπού Φέννεκ,Τριανταφυλλιά,10,1,2023-01-12
5,198,13,Θηλαστικό,Φυτοφάγο,Λευκός Ρινόκερος,Λεώνη,4,2386,2023-01-27
6,207,28,Πτηνό,Σαρκοφάγο,Ασπροκέφαλος Γύπας,Άγγελος,6,2,2023-01-16
7,432,1,Θηλαστικό,Φυτοφάγο,Άγριο Γαϊδούρι,Βικέντια,1,118,2023-01-12
8,508,23,Ερπετό,Σαρκοφάγο,Δράκος του Κόμοντο,Νεφέλη,30,130,2023-01-29
9,268,6,Θηλαστικό,Σαρκοφάγο,Γκρίζος Λύκος,Περικλεία,2,20,2023-01-22
10,403,30,Πτηνό,Φυτοφάγο,Βούκερος ο Υδροκόρακας,Μάριος,54,2,2023-01-14
11,481,25,Ερπετό,Φυτοφάγο,Χελώνα,Παναγιώτα,32,36,2023-01-13
12,383,6,Θηλαστικό,Σαρκοφάγο,Γκρίζος Λύκος,Χάιδω,8,24,2023-01-15
13,132,14,Θηλαστικό,Σαρκοφάγο,Λιοντάρι,Χάιδω,6,220,2023-01-31
14,556,24,Ερπετό,Σαρκοφάγο,Κροκόδειλος του Νείλου,Έλλη,11,524,2023-01-21
15,351,3,Θηλαστικό,Φυτοφάγο,Αντιλόπη του Νερού,Κίμων,11,113,2023-01-17
16,29,23,Ερπετό,Σαρκοφάγο,Δράκος του Κόμοντο,Χριστίνα,39,57,2023-01-12
17,131,27,Πτηνό,Παμφάγο,Ασημένιος Φασιανός,Παγώνα,2,1,2023-01-15
18,583,2,Θηλαστικό,Παμφάγο,Αλεπού Φέννεκ,Μαυρούδης,2,1,2023-01-19
19,221,7,Θηλαστικό,Φυτοφάγο,Καμηλοπάρδαλη,Καλυψώ,24,182,2023-01-14
20,501,9,Θηλαστικό,Παμφάγο,Καφέ αρκούδα,Κυράτσα,28,246,2023-01-31
21,598,30,Πτηνό,Φυτοφάγο,Βούκερος ο Υδροκόρακας,Θεόπιστος,49,1,2023-01-25
22,436,20,Ερπετό,Σαρκοφάγο,Βόας,Ερμής,27,13,2023-01-31
23,562,21,Ερπετό,Σαρκοφάγο,Πύθωνας,Ινώ,7,224,2023-01-25
24,16,1,Θηλαστικό,Φυτοφάγο,Άγριο Γαϊδούρι,Κλειώ,7,88,2023-01-15
25,333,12,Θηλαστικό,Φυτοφάγο,Λεμούριος Κιάττα,Καλλιόπη,20,1,2023-01-29
26,511,14,Θηλαστικό,Σαρκοφάγο,Λιοντάρι,Κύρος,13,157,2023-01-30
27,244,28,Πτηνό,Σαρκοφάγο,Ασπροκέφαλος Γύπας,Θεοδοσία,10,4,2023-01-16
28,26,27,Πτηνό,Παμφάγο,Ασημένιος Φασιανός,Ιππολύτη,2,1,2023-01-26
29,431,13,Θηλαστικό,Φυτοφάγο,Λευκός Ρινόκερος,Ταξιαρχία,20,2999,2023-01-19
30,598,25,Ερπετό,Φυτοφάγο,Χελώνα,Φωτεινός,29,16,2023-01-17
31,522,24,Ερπετό,Σαρκοφάγο,Κροκόδειλος του Νείλου,Επιστήμη,50,884,2023-01-12
32,139,22,Ερπετό,Σαρκοφάγο,Ανακόντα,Γερακίνα,20,29,2023-01-22
33,486,22,Ερπετό,Σαρκοφάγο,Ανακόντα,Αριστόβουλος,12,28,2023-01-19
34,292,18,Θηλαστικό,Παμφάγο,Χιμπατζής,Λουκία,26,20,2023-01-14
35,165,22,Ερπετό,Σαρκοφάγο,Ανακόντα,Ιωσηφίνα,6,21,2023-01-14
36,185,11,Θηλαστικό,Φυτοφάγο,Κρι-κρι,Κορνήλιος,4,37,2023-01-29
37,596,25,Ερπετό,Φυτοφάγο,Χελώνα,Ανδρομέδα,131,28,2023-01-11
38,197,5,Θηλαστικό,Φυτοφάγο,Καμήλα,Θεόκλεια,24,177,2023-01-22
39,59,1,Θηλαστικό,Φυτοφάγο,Άγριο Γαϊδούρι,Συμεωνία,17,71,2023-01-19
40,143,18,Θηλαστικό,Παμφάγο,Χιμπατζής,Σπάρτη,53,49,2023-01-25
41,3,4,Θηλαστικό,Φυτοφάγο,Ελέφαντας,Μηνάς,5,730,2023-01-24
42,288,29,Πτηνό,Παμφάγο,Βασιλικός Γύπας,Υάκινθος,33,3,2023-01-28
43,319,4,Θηλαστικό,Φυτοφάγο,Ελέφαντας,Σωτήρης,35,393,2023-01-23
44,347,11,Θηλαστικό,Φυτοφάγο,Κρι-κρι,Αδαμάντιος,16,60,2023-01-12
45,511,12,Θηλαστικό,Φυτοφάγο,Λεμούριος Κιάττα,Ευμένιος,11,1,2023-01-23
46,122,10,Θηλαστικό,Φυτοφάγο,Κόκκινο Πάντα,Τρυφωνία,10,2,2023-01-26
47,322,7,Θηλαστικό,Φυτοφάγο,Καμηλοπάρδαλη,Προδρομία,3,133,2023-01-24
48,83,23,Ερπετό,Σαρκοφάγο,Δράκος του Κόμοντο,Ζαφείρης,24,134,2023-01-27
49,425,29,Πτηνό,Παμφάγο,Βασιλικός Γύπας,Ιερόθεος,25,3,2023-01-18
50,59,25,Ερπετό,Φυτοφάγο,Χελώνα,Λεμονής,125,24,2023-01-23
51,297,1,Θηλαστικό,Φυτοφάγο,Άγριο Γαϊδούρι,Διονύσιος,15,147,2023-01-22
52,542,9,Θηλαστικό,Παμφάγο,Καφέ αρκούδα,Σολομών,14,295,2023-01-18
53,11,27,Πτηνό,Παμφάγο,Ασημένιος Φασιανός,Βρασίδας,1,1,2023-01-29
54,128,4,Θηλαστικό,Φυτοφάγο,Ελέφαντας,Θεανώ,12,562,2023-01-13
55,519,18,Θηλαστικό,Παμφάγο,Χιμπατζής,Ευσταθία,22,41,2023-01-25
56,488,1,Θηλαστικό,Φυτοφάγο,Άγριο Γαϊδούρι,Αρέθα,24,94,2023-01-26
57,350,1,Θηλαστικό,Φυτοφάγο,Άγριο Γαϊδούρι,Παταπία,6,119,2023-01-13
58,80,17,Θηλαστικό,Σαρκοφάγο,Τίγρης,Λουίζα,30,129,2023-01-19
59,135,7,Θηλαστικό,Φυτοφάγο,Καμηλοπάρδαλη,Ράλλης,27,116,2023-01-28
60,537,15,Θηλαστικό,Σαρκοφάγο,Λεοπάρδαλη,Ρεγγίνα,14,11,2023-01-25
61,154,3,Θηλαστικό,Φυτοφάγο,Αντιλόπη του Νερού,Ραφαήλ,10,76,2023-01-18
62,557,13,Θηλαστικό,Φυτοφάγο,Λευκός Ρινόκερος,Σωτήρης,39,1480,2023-01-19
63,281,19,Ερπετό,Σαρκοφάγο,Αλιγάτορας,Πολύμνια,54,225,2023-01-23
64,82,26,Πτηνό,Φυτοφάγο,Χήνα,Άλκηστις,28,3,2023-01-28
65,35,11,Θηλαστικό,Φυτοφάγο,Κρι-κρι,Ματθίλδη,29,40,2023-01-11
66,478,29,Πτηνό,Παμφάγο,Βασιλικός Γύπας,Ραχήλ,21,1,2023-01-18
67,76,7,Θηλαστικό,Φυτοφάγο,Καμηλοπάρδαλη,Τριανταφυλλιά,7,296,2023-01-11
68,566,13,Θηλαστικό,Φυτοφάγο,Λευκός Ρινόκερος,Κλειώ,11,1529,2023-01-26
69,354,16,Θηλαστικό,Σαρκοφάγο,Ιπποπόταμος,Φλωρίνα,6,37,2023-01-28
70,358,7,Θηλαστικό,Φυτοφάγο,Καμηλοπάρδαλη,Ματίνα,22,296,2023-01-17
71,134,21,Ερπετό,Σαρκοφάγο,Πύθωνας,Αριστέα,16,132,2023-01-19
72,488,24,Ερπετό,Σαρκοφάγο,Κροκόδειλος του Νείλου,Θεοφύλακτη,20,623,2023-01-11
73,287,23,Ερπετό,Σαρκοφάγο,Δράκος του Κόμοντο,Ιερώνυμος,5,75,2023-01-21
74,60,28,Πτηνό,Σαρκοφάγο,Ασπροκέφαλος Γύπας,Κασσιανή,20,5,2023-01-18
75,130,3,Θηλαστικό,Φυτοφάγο,Αντιλόπη του Νερού,Χάρις,11,129,2023-01-21
76,471,19,Ερπετό,Σαρκοφάγο,Αλιγάτορας,Παντελία,27,202,2023-01-11
77,229,30,Πτηνό,Φυτοφάγο,Βούκερος ο Υδροκόρακας,Νικόδημος,7,3,2023-01-21
78,97,29,Πτηνό,Παμφάγο,Βασιλικός Γύπας,Βασίλειος,31,3,2023-01-25
79,444,12,Θηλαστικό,Φυτοφάγο,Λεμούριος Κιάττα,Σέργιος,19,3,2023-01-15
80,44,26,Πτηνό,Φυτοφάγο,Χήνα,Αστέρω,11,1,2023-01-31
81,8,21,Ερπετό,Σαρκοφάγο,Πύθωνας,Θεοπίστη,5,147,2023-01-28
82,101,15,Θηλαστικό,Σαρκοφάγο,Λεοπάρδαλη,Αχιλλέας,12,17,2023-01-18
83,136,4,Θηλαστικό,Φυτοφάγο,Ελέφαντας,Αντιγόνη,32,487,2023-01-14
84,330,17,Θηλαστικό,Σαρκοφάγο,Τίγρης,Πολυκράτης,25,110,2023-01-27
85,155,18,Θηλαστικό,Παμφάγο,Χιμπατζής,Ζήνων,35,21,2023-01-25
86,224,1,Θηλαστικό,Φυτοφάγο,Άγριο Γαϊδούρι,Μένανδρος,1,70,2023-01-20
87,369,1,Θηλαστικό,Φυτοφάγο,Άγριο Γαϊδούρι,Κομνηνή,25,112,2023-01-24
88,375,7,Θηλαστικό,Φυτοφάγο,Καμηλοπάρδαλη,Σμαράγδα,11,227,2023-01-14
89,558,9,Θηλαστικό,Παμφάγο,Καφέ αρκούδα,Κλεόπας,12,168,2023-01-25
90,20,14,Θηλαστικό,Σαρκοφάγο,Λιοντάρι,Κλεάνθης,4,106,2023-01-14
91,505,30,Πτηνό,Φυτοφάγο,Βούκερος ο Υδροκόρακας,Εμμανουήλ,35,1,2023-01-18
92,76,30,Πτηνό,Φυτοφάγο,Βούκερος ο Υδροκόρακας,Σωκράτης,51,1,2023-01-31
93,35,1,Θηλαστικό,Φυτοφάγο,Άγριο Γαϊδούρι,Κωστούλα,6,110,2023-01-19
94,346,18,Θηλαστικό,Παμφάγο,Χιμπατζής,Φλωρίνα,45,58,2023-01-18
95,70,27,Πτηνό,Παμφάγο,Ασημένιος Φασιανός,Αστέρω,9,2,2023-01-16
96,271,6,Θηλαστικό,Σαρκοφάγο,Γκρίζος Λύκος,Πηνελόπη,6,32,2023-01-16
97,81,20,Ερπετό,Σαρκοφάγο,Βόας,Γαλήνη,17,18,2023-01-28
98,567,20,Ερπετό,Σαρκοφάγο,Βόας,Λαυρέντιος,24,14,2023-01-24
99,431,21,Ερπετό,Σαρκοφάγο,Πύθωνας,Βάιος,8,79,2023-01-29
100,411,26,Πτηνό,Φυτοφάγο,Χήνα,Κατερίνα,6,1,2023-01-23
101,571,7,Θηλαστικό,Φυτοφάγο,Καμηλοπάρδαλη,Ίρις,15,245,2023-01-11
102,51,2,Θηλαστικό,Παμφάγο,Αλεπού Φέννεκ,Μαγδαληνός,5,1,2023-01-12
103,202,12,Θηλαστικό,Φυτοφάγο,Λεμούριος Κιάττα,Δίκαιος,18,1,2023-01-22
104,478,11,Θηλαστικό,Φυτοφάγο,Κρι-κρι,Παναγιώτης,10,34,2023-01-12
105,31,13,Θηλαστικό,Φυτοφάγο,Λευκός Ρινόκερος,Σάββας,48,2942,2023-01-29
106,214,20,Ερπετό,Σαρκοφάγο,Βόας,Ισίδωρος,9,18,2023-01-11
107,367,5,Θηλαστικό,Φυτοφάγο,Καμήλα,Αμβροσία,19,100,2023-01-19
108,376,8,Θηλαστικό,Φυτοφάγο,Ζέβρα,Ευλαμπία,6,156,2023-01-23
109,451,9,Θηλαστικό,Παμφάγο,Καφέ αρκούδα,Ιωσήφ,13,296,2023-01-11
110,23,29,Πτηνό,Παμφάγο,Βασιλικός Γύπας,Λαέρτης,21,1,2023-01-30
111,560,23,Ερπετό,Σαρκοφάγο,Δράκος του Κόμοντο,Άγγελος,46,60,2023-01-12
112,98,6,Θηλαστικό,Σαρκοφάγο,Γκρίζος Λύκος,Ερωφίλη,1,42,2023-01-23
113,470,2,Θηλαστικό,Παμφάγο,Αλεπού Φέννεκ,Αβραάμ,4,1,2023-01-13
114,436,3,Θηλαστικό,Φυτοφάγο,Αντιλόπη του Νερού,Παρθένα,5,100,2023-01-25
115,293,11,Θηλαστικό,Φυτοφάγο,Κρι-κρι,Λύσανδρος,17,51,2023-01-27
116,514,10,Θηλαστικό,Φυτοφάγο,Κόκκινο Πάντα,Πελοπίδας,8,1,2023-01-29
117,599,18,Θηλαστικό,Παμφάγο,Χιμπατζής,Πέτρος,15,33,2023-01-20
118,272,29,Πτηνό,Παμφάγο,Βασιλικός Γύπας,Χριστοφόρα,17,1,2023-01-24
119,364,19,Ερπετό,Σαρκοφάγο,Αλιγάτορας,Ηώ,31,314,2023-01-14
120,424,23,Ερπετό,Σαρκοφάγο,Δράκος του Κόμοντο,Βρυσηίς,12,76,2023-01-23
121,475,5,Θηλαστικό,Φυτοφάγο,Καμήλα,Ραφαήλ,23,204,2023-01-15
122,74,21,Ερπετό,Σαρκοφάγο,Πύθωνας,Τρυφωνία,12,122,2023-01-11
123,557,7,Θηλαστικό,Φυτοφάγο,Καμηλοπάρδαλη,Διονύσιος,10,261,2023-01-17
124,334,17,Θηλαστικό,Σαρκοφάγο,Τίγρης,Πολύδωρα,12,80,2023-01-13
125,125,10,Θηλαστικό,Φυτοφάγο,Κόκκινο Πάντα,Θεόφραστος,10,2,2023-01-29
126,247,29,Πτηνό,Παμφάγο,Βασιλικός Γύπας,Χρυσαφένια,19,2,2023-01-11
127,565,10,Θηλαστικό,Φυτοφάγο,Κόκκινο Πάντα,Σοφοκλής,6,2,2023-01-25
128,35,2,Θηλαστικό,Παμφάγο,Αλεπού Φέννεκ,Αρτέμης,7,1,2023-01-29
129,294,6,Θηλαστικό,Σαρκοφάγο,Γκρίζος Λύκος,Χαράλαμπος,5,33,2023-01-31
130,234,30,Πτηνό,Φυτοφάγο,Βούκερος ο Υδροκόρακας,Ιουλιανός,50,1,2023-01-26
131,227,5,Θηλαστικό,Φυτοφάγο,Καμήλα,Αλκινόη,6,155,2023-01-31
132,241,30,Πτηνό,Φυτοφάγο,Βούκερος ο Υδροκόρακας,Βαλάντω,38,3,2023-01-18
133,517,21,Ερπετό,Σαρκοφάγο,Πύθωνας,Ευμένιος,7,125,2023-01-11
134,532,28,Πτηνό,Σαρκοφάγο,Ασπροκέφαλος Γύπας,Διαμαντούλα,14,4,2023-01-21
135,539,22,Ερπετό,Σαρκοφάγο,Ανακόντα,Ακρίτας,15,11,2023-01-17
136,24,19,Ερπετό,Σαρκοφάγο,Αλιγάτορας,Κλεόπας,60,219,2023-01-19
137,495,25,Ερπετό,Φυτοφάγο,Χελώνα,Ξανθός,104,45,2023-01-11
138,283,17,Θηλαστικό,Σαρκοφάγο,Τίγρης,Θεολόγος,6,51,2023-01-17
139,109,18,Θηλαστικό,Παμφάγο,Χιμπατζής,Ουρανία,56,37,2023-01-22
140,263,9,Θηλαστικό,Παμφάγο,Καφέ αρκούδα,Μυρτώ,21,213,2023-01-17
141,562,27,Πτηνό,Παμφάγο,Ασημένιος Φασιανός,Ναυσικά,1,2,2023-01-13
142,495,16,Θηλαστικό,Σαρκοφάγο,Ιπποπόταμος,Ευστράτιος,9,41,2023-01-15
143,75,9,Θηλαστικό,Παμφάγο,Καφέ αρκούδα,Θεολογία,6,232,2023-01-11
144,585,22,Ερπετό,Σαρκοφάγο,Ανακόντα,Μιχαήλ,13,26,2023-01-25
145,457,4,Θηλαστικό,Φυτοφάγο,Ελέφαντας,Πολύβιος,17,581,2023-01-18
146,419,9,Θηλαστικό,Παμφάγο,Καφέ αρκούδα,Αθανάσιος,4,284,2023-01-27
147,428,25,Ερπετό,Φυτοφάγο,Χελώνα,Ροδόφλος,63,31,2023-01-25
148,467,14,Θηλαστικό,Σαρκοφάγο,Λιοντάρι,Μαγδαληνός,15,299,2023-01-27
149,418,13,Θηλαστικό,Φυτοφάγο,Λευκός Ρινόκερος,Όθων,14,1406,2023-01-29
150,541,18,Θηλαστικό,Παμφάγο,Χιμπατζής,Φραντζέσκα,23,33,2023-01-31
151,258,29,Πτηνό,Παμφάγο,Βασιλικός Γύπας,Παύλος,13,2,2023-01-15
152,167,8,Θηλαστικό,Φυτοφάγο,Ζέβρα,Θέκλα,26,181,2023-01-30
153,50,21,Ερπετό,Σαρκοφάγο,Πύθωνας,Αρίσταρχος,7,80,2023-01-26
154,255,22,Ερπετό,Σαρκοφάγο,Ανακόντα,Βενέτιος,12,27,2023-01-11
155,266,23,Ερπετό,Σαρκοφάγο,Δράκος του Κόμοντο,Ελευθερία,14,59,2023-01-11
156,8,17,Θηλαστικό,Σαρκοφάγο,Τίγρης,Φρύνη,21,103,2023-01-12
157,379,25,Ερπετό,Φυτοφάγο,Χελώνα,Βέρα,51,18,2023-01-12
158,450,23,Ερπετό,Σαρκοφάγο,Δράκος του Κόμοντο,Διαλεκτή,30,77,2023-01-14
159,23,16,Θηλαστικό,Σαρκοφάγο,Ιπποπόταμος,Λαυρέντιος,12,50,2023-01-29
160,37,13,Θηλαστικό,Φυτοφάγο,Λευκός Ρινόκερος,Μενέλαος,49,1039,2023-01-20
161,365,17,Θηλαστικό,Σαρκοφάγο,Τίγρης,Δανιήλ,10,119,2023-01-23
162,17,17,Θηλαστικό,Σαρκοφάγο,Τίγρης,Σπάρτη,14,52,2023-01-29
163,576,18,Θηλαστικό,Παμφάγο,Χιμπατζής,Κλεοπάτρα,43,41,2023-01-15
164,394,1,Θηλαστικό,Φυτοφάγο,Άγριο Γαϊδούρι,Ευσέβιος,12,152,2023-01-19
165,17,24,Ερπετό,Σαρκοφάγο,Κροκόδειλος του Νείλου,Ροδόφλος,17,668,2023-01-13
166,273,2,Θηλαστικό,Παμφάγο,Αλεπού Φέννεκ,Οδυσσέας,1,1,2023-01-14
167,58,13,Θηλαστικό,Φυτοφάγο,Λευκός Ρινόκερος,Ανθούλης,41,2097,2023-01-15
168,490,25,Ερπετό,Φυτοφάγο,Χελώνα,Θεοδούλη,52,38,2023-01-17
169,142,6,Θηλαστικό,Σαρκοφάγο,Γκρίζος Λύκος,Θεμιστόκλεια,6,34,2023-01-30
170,531,23,Ερπετό,Σαρκοφάγο,Δράκος του Κόμοντο,Αντώνιος,5,92,2023-01-28
171,251,26,Πτηνό,Φυτοφάγο,Χήνα,Χρύσανθος,16,2,2023-01-29
172,309,25,Ερπετό,Φυτοφάγο,Χελώνα,Λαοκράτης,103,39,2023-01-29
173,375,17,Θηλαστικό,Σαρκοφάγο,Τίγρης,Αιμιλιανός,25,110,2023-01-28
174,388,17,Θηλαστικό,Σαρκοφάγο,Τίγρης,Περικλεία,13,65,2023-01-31
175,410,14,Θηλαστικό,Σαρκοφάγο,Λιοντάρι,Βενετία,16,274,2023-01-25
176,131,16,Θηλαστικό,Σαρκοφάγο,Ιπποπόταμος,Ερωφίλη,3,52,2023-01-15
177,559,6,Θηλαστικό,Σαρκοφάγο,Γκρίζος Λύκος,Φρειδερίκος,10,22,2023-01-22
178,302,15,Θηλαστικό,Σαρκοφάγο,Λεοπάρδαλη,Παντελεήμων,2,22,2023-01-17
179,398,26,Πτηνό,Φυτοφάγο,Χήνα,Φλωρίνα,11,1,2023-01-26
180,382,5,Θηλαστικό,Φυτοφάγο,Καμήλα,Μιράντα,17,143,2023-01-27
181,486,1,Θηλαστικό,Φυτοφάγο,Άγριο Γαϊδούρι,Προμηθέας,7,170,2023-01-31
182,137,6,Θηλαστικό,Σαρκοφάγο,Γκρίζος Λύκος,Ραφαήλ,4,40,2023-01-14
183,7,19,Ερπετό,Σαρκοφάγο,Αλιγάτορας,Μελέτιος,33,295,2023-01-30
184,345,20,Ερπετό,Σαρκοφάγο,Βόας,Φιλίππα,13,17,2023-01-15
185,444,1,Θηλαστικό,Φυτοφάγο,Άγριο Γαϊδούρι,Στεργιαννώ,4,115,2023-01-11
186,50,30,Πτηνό,Φυτοφάγο,Βούκερος ο Υδροκόρακας,Χρυσόστομη,2,2,2023-01-19
187,579,9,Θηλαστικό,Παμφάγο,Καφέ αρκούδα,Ναθαναήλ,13,127,2023-01-23
188,61,14,Θηλαστικό,Σαρκοφάγο,Λιοντάρι,Κλειώ,2,147,2023-01-29
189,520,11,Θηλαστικό,Φυτοφάγο,Κρι-κρι,Θεοχάρης,11,49,2023-01-26
190,494,25,Ερπετό,Φυτοφάγο,Χελώνα,Πούλια,128,30,2023-01-17
191,6,8,Θηλαστικό,Φυτοφάγο,Ζέβρα,Αθηναγόρας,10,164,2023-01-13
192,225,22,Ερπετό,Σαρκοφάγο,Ανακόντα,Πασχαλιά,17,20,2023-01-29
193,509,17,Θηλαστικό,Σαρκοφάγο,Τίγρης,Στεργιανή,7,92,2023-01-24
194,482,24,Ερπετό,Σαρκοφάγο,Κροκόδειλος του Νείλου,Μαρωτέσα,13,693,2023-01-17
195,327,10,Θηλαστικό,Φυτοφάγο,Κόκκινο Πάντα,Ορέστης,8,2,2023-01-31
196,571,2,Θηλαστικό,Παμφάγο,Αλεπού Φέννεκ,Γιάννης,2,1,2023-01-25
197,236,15,Θηλαστικό,Σαρκοφάγο,Λεοπάρδαλη,Γεράσιμος,16,10,2023-01-30
198,222,19,Ερπετό,Σαρκοφάγο,Αλιγάτορας,Θωμαίς,2,229,2023-01-18
199,529,30,Πτηνό,Φυτοφάγο,Βούκερος ο Υδροκόρακας,Πύρρος,15,2,2023-01-11
200,137,30,Πτηνό,Φυτοφάγο,Βούκερος ο Υδροκόρακας,Ακριβή,42,1,2023-01-20
201,128,1,Θηλαστικό,Φυτοφάγο,Άγριο Γαϊδούρι,Κλειώ,14,114,2023-01-29
202,363,12,Θηλαστικό,Φυτοφάγο,Λεμούριος Κιάττα,Σουμέλα,22,1,2023-01-14
203,278,20,Ερπετό,Σαρκοφάγο,Βόας,Ρηγούλα,26,12,2023-01-29
204,439,3,Θηλαστικό,Φυτοφάγο,Αντιλόπη του Νερού,Μακάριος,3,56,2023-01-27
205,240,1,Θηλαστικό,Φυτοφάγο,Άγριο Γαϊδούρι,Διομήδης,2,114,2023-01-16
206,201,18,Θηλαστικό,Παμφάγο,Χιμπατζής,Χάιδω,27,30,2023-01-15
207,120,9,Θηλαστικό,Παμφάγο,Καφέ αρκούδα,Πολυνίκη,29,169,2023-01-19
208,53,24,Ερπετό,Σαρκοφάγο,Κροκόδειλος του Νείλου,Χαρίλαος,46,741,2023-01-16
209,394,2,Θηλαστικό,Παμφάγο,Αλεπού Φέννεκ,Μεγακλής,1,1,2023-01-12
210,257,28,Πτηνό,Σαρκοφάγο,Ασπροκέφαλος Γύπας,Ροδόκλεια,3,2,2023-01-20
211,181,11,Θηλαστικό,Φυτοφάγο,Κρι-κρι,Οδύσσεια,17,60,2023-01-28
212,510,7,Θηλαστικό,Φυτοφάγο,Καμηλοπάρδαλη,Μαριάνθη,23,135,2023-01-31
213,468,13,Θηλαστικό,Φυτοφάγο,Λευκός Ρινόκερος,Ερωτόκριτος,33,1490,2023-01-24
214,562,23,Ερπετό,Σαρκοφάγο,Δράκος του Κόμοντο,Ερμής,20,109,2023-01-14
215,208,26,Πτηνό,Φυτοφάγο,Χήνα,Θεόφραστος,14,1,2023-01-23
216,412,4,Θηλαστικό,Φυτοφάγο,Ελέφαντας,Αστέριος,6,407,2023-01-12
217,553,5,Θηλαστικό,Φυτοφάγο,Καμήλα,Μιχαέλα,24,205,2023-01-31
218,198,23,Ερπετό,Σαρκοφάγο,Δράκος του Κόμοντο,Όλγα,12,97,2023-01-13
219,11,21,Ερπετό,Σαρκοφάγο,Πύθωνας,Επιστήμη,17,89,2023-01-31
220,594,1,Θηλαστικό,Φυτοφάγο,Άγριο Γαϊδούρι,Θεμιστοκλής,13,205,2023-01-25
221,432,9,Θηλαστικό,Παμφάγο,Καφέ αρκούδα,Δήμητρα,4,248,2023-01-15
222,447,21,Ερπετό,Σαρκοφάγο,Πύθωνας,Μυρσίνη,8,110,2023-01-18
223,313,11,Θηλαστικό,Φυτοφάγο,Κρι-κρι,Ευστρατία,24,42,2023-01-14
224,102,18,Θηλαστικό,Παμφάγο,Χιμπατζής,Βύρων,33,48,2023-01-22
225,99,20,Ερπετό,Σαρκοφάγο,Βόας,Πωλίνα,10,21,2023-01-26
226,520,28,Πτηνό,Σαρκοφάγο,Ασπροκέφαλος Γύπας,Δίκαιος,5,2,2023-01-31
227,51,24,Ερπετό,Σαρκοφάγο,Κροκόδειλος του Νείλου,Παυλίνα,2,983,2023-01-28
228,176,15,Θηλαστικό,Σαρκοφάγο,Λεοπάρδαλη,Αλκμήνη,18,28,2023-01-15
229,291,11,Θηλαστικό,Φυτοφάγο,Κρι-κρι,Νίκων,19,29,2023-01-13
230,140,17,Θηλαστικό,Σαρκοφάγο,Τίγρης,Φιλήμων,12,65,2023-01-15
231,452,2,Θηλαστικό,Παμφάγο,Αλεπού Φέννεκ,Τσαμπίκα,3,1,2023-01-26
232,16,24,Ερπετό,Σαρκοφάγο,Κροκόδειλος του Νείλου,Αριστόβουλος,13,812,2023-01-22
233,433,21,Ερπετό,Σαρκοφάγο,Πύθωνας,Πολύβιος,5,84,2023-01-23
234,101,20,Ερπετό,Σαρκοφάγο,Βόας,Ζαφείριος,12,15,2023-01-27
235,469,8,Θηλαστικό,Φυτοφάγο,Ζέβρα,Λουίζα,14,221,2023-01-13
236,356,28,Πτηνό,Σαρκοφάγο,Ασπροκέφαλος Γύπας,Νεφέλη,2,5,2023-01-24
237,175,7,Θηλαστικό,Φυτοφάγο,Καμηλοπάρδαλη,Σταμάτιος,22,279,2023-01-26
238,509,24,Ερπετό,Σαρκοφάγο,Κροκόδειλος του Νείλου,Εφραίμ,30,501,2023-01-21
239,494,4,Θηλαστικό,Φυτοφάγο,Ελέφαντας,Ναταλίνα,29,668,2023-01-23
240,214,21,Ερπετό,Σαρκοφάγο,Πύθωνας,Πάρις,6,96,2023-01-22
241,76,5,Θηλαστικό,Φυτοφάγο,Καμήλα,Πανορμίτης,18,194,2023-01-30
242,224,11,Θηλαστικό,Φυτοφάγο,Κρι-κρι,Μαριλένα,7,27,2023-01-13
243,81,10,Θηλαστικό,Φυτοφάγο,Κόκκινο Πάντα,Ακριβή,8,1,2023-01-15
244,532,1,Θηλαστικό,Φυτοφάγο,Άγριο Γαϊδούρι,Ελευθέριος,5,157,2023-01-28
245,99,12,Θηλαστικό,Φυτοφάγο,Λεμούριος Κιάττα,Γεσθημανή,20,3,2023-01-30
246,600,12,Θηλαστικό,Φυτοφάγο,Λεμούριος Κιάττα,Παναγής,19,3,2023-01-23
247,393,1,Θηλαστικό,Φυτοφάγο,Άγριο Γαϊδούρι,Ηλέκτρα,6,71,2023-01-19
248,295,21,Ερπετό,Σαρκοφάγο,Πύθωνας,Αποστολία,1,158,2023-01-30
249,297,7,Θηλαστικό,Φυτοφάγο,Καμηλοπάρδαλη,Φλοριάντ,17,214,2023-01-25
250,228,29,Πτηνό,Παμφάγο,Βασιλικός Γύπας,Βελισσαρία,7,1,2023-01-11
251,11,25,Ερπετό,Φυτοφάγο,Χελώνα,Θεοδούλη,27,36,2023-01-23
252,308,23,Ερπετό,Σαρκοφάγο,Δράκος του Κόμοντο,Θεοδόσιος,40,88,2023-01-26
253,402,9,Θηλαστικό,Παμφάγο,Καφέ αρκούδα,Θεοφάνης,22,212,2023-01-20
254,2,21,Ερπετό,Σαρκοφάγο,Πύθωνας,Ζαμπέτα,28,98,2023-01-28
255,84,7,Θηλαστικό,Φυτοφάγο,Καμηλοπάρδαλη,Κώστας,28,288,2023-01-26
256,402,17,Θηλαστικό,Σαρκοφάγο,Τίγρης,Συμεών,19,107,2023-01-16
257,321,6,Θηλαστικό,Σαρκοφάγο,Γκρίζος Λύκος,Σελήνη,6,33,2023-01-31
258,450,24,Ερπετό,Σαρκοφάγο,Κροκόδειλος του Νείλου,Επαμεινώνδας,50,451,2023-01-17
259,150,6,Θηλαστικό,Σαρκοφάγο,Γκρίζος Λύκος,Ροδαμάνθη,7,17,2023-01-13
260,512,20,Ερπετό,Σαρκοφάγο,Βόας,Ιάκωβος,5,10,2023-01-12
261,144,8,Θηλαστικό,Φυτοφάγο,Ζέβρα,Δανάη,9,155,2023-01-11
262,1,22,Ερπετό,Σαρκοφάγο,Ανακόντα,Γιώργος,15,13,2023-01-21
263,192,24,Ερπετό,Σαρκοφάγο,Κροκόδειλος του Νείλου,Αργυρούλα,37,476,2023-01-23
264,487,19,Ερπετό,Σαρκοφάγο,Αλιγάτορας,Λογοθέτης,52,359,2023-01-31
265,86,1,Θηλαστικό,Φυτοφάγο,Άγριο Γαϊδούρι,Πιερρίνα,8,189,2023-01-26
266,300,14,Θηλαστικό,Σαρκοφάγο,Λιοντάρι,Κίμων,13,220,2023-01-16
267,443,22,Ερπετό,Σαρκοφάγο,Ανακόντα,Κοκκώνα,16,14,2023-01-29
268,533,2,Θηλαστικό,Παμφάγο,Αλεπού Φέννεκ,Παράσχος,7,1,2023-01-11
269,479,22,Ερπετό,Σαρκοφάγο,Ανακόντα,Σωτήριος,20,16,2023-01-24
270,100,9,Θηλαστικό,Παμφάγο,Καφέ αρκούδα,Δούκισσα,24,228,2023-01-13
271,84,20,Ερπετό,Σαρκοφάγο,Βόας,Βασίλης,11,17,2023-01-26
272,347,26,Πτηνό,Φυτοφάγο,Χήνα,Νίκων,10,2,2023-01-18
273,510,24,Ερπετό,Σαρκοφάγο,Κροκόδειλος του Νείλου,Ευτυχία,57,481,2023-01-24
274,555,17,Θηλαστικό,Σαρκοφάγο,Τίγρης,Κατερίνα,21,106,2023-01-14
275,593,6,Θηλαστικό,Σαρκοφάγο,Γκρίζος Λύκος,Χάρη,5,27,2023-01-21
276,93,24,Ερπετό,Σαρκοφάγο,Κροκόδειλος του Νείλου,Χριστοδούλα,50,731,2023-01-20
277,542,2,Θηλαστικό,Παμφάγο,Αλεπού Φέννεκ,Ισαάκ,1,1,2023-01-31
278,22,4,Θηλαστικό,Φυτοφάγο,Ελέφαντας,Φοίβη,1,582,2023-01-24
279,135,20,Ερπετό,Σαρκοφάγο,Βόας,Θεοχαρούλα,17,20,2023-01-18
280,150,29,Πτηνό,Παμφάγο,Βασιλικός Γύπας,Παναγιώτης,10,2,2023-01-13
281,30,26,Πτηνό,Φυτοφάγο,Χήνα,Πολυχρονία,1,2,2023-01-14
282,537,8,Θηλαστικό,Φυτοφάγο,Ζέβρα,Καλλίνικος,1,223,2023-01-29
283,469,14,Θηλαστικό,Σαρκοφάγο,Λιοντάρι,Ιγνάτιος,1,142,2023-01-16
284,392,25,Ερπετό,Φυτοφάγο,Χελώνα,Αγόρω,67,30,2023-01-13
285,273,5,Θηλαστικό,Φυτοφάγο,Καμήλα,Φώτιος,10,73,2023-01-29
286,117,22,Ερπετό,Σαρκοφάγο,Ανακόντα,Μαρτίνος,7,30,2023-01-13
287,531,13,Θηλαστικό,Φυτοφάγο,Λευκός Ρινόκερος,Σπυρίδων,36,2338,2023-01-12
288,257,29,Πτηνό,Παμφάγο,Βασιλικός Γύπας,Θεοδότη,11,3,2023-01-11
289,191,2,Θηλαστικό,Παμφάγο,Αλεπού Φέννεκ,Ήβη,5,1,2023-01-28
290,67,4,Θηλαστικό,Φυτοφάγο,Ελέφαντας,Καλλίνικος,11,685,2023-01-22
291,38,28,Πτηνό,Σαρκοφάγο,Ασπροκέφαλος Γύπας,Συμεώνη,13,3,2023-01-28
292,536,17,Θηλαστικό,Σαρκοφάγο,Τίγρης,Χλόη,11,85,2023-01-20
293,550,1,Θηλαστικό,Φυτοφάγο,Άγριο Γαϊδούρι,Χρυσή,2,178,2023-01-25
294,210,4,Θηλαστικό,Φυτοφάγο,Ελέφαντας,Κασσιανή,32,362,2023-01-14
295,70,17,Θηλαστικό,Σαρκοφάγο,Τίγρης,Λεώνη,5,144,2023-01-31
296,152,28,Πτηνό,Σαρκοφάγο,Ασπροκέφαλος Γύπας,Ιερώνυμος,6,4,2023-01-12
297,372,20,Ερπετό,Σαρκοφάγο,Βόας,Ναταλία,8,20,2023-01-17
298,121,29,Πτηνό,Παμφάγο,Βασιλικός Γύπας,Πραξιτέλης,6,1,2023-01-14
299,316,10,Θηλαστικό,Φυτοφάγο,Κόκκινο Πάντα,Ζαχαρίας,10,3,2023-01-27
300,466,4,Θηλαστικό,Φυτοφάγο,Ελέφαντας,Βαρβάρα,34,557,2023-01-24
301,403,23,Ερπετό,Σαρκοφάγο,Δράκος του Κόμοντο,Γιάννης,13,54,2023-01-30
302,238,18,Θηλαστικό,Παμφάγο,Χιμπατζής,Ελεονόρα,35,47,2023-01-26
303,409,11,Θηλαστικό,Φυτοφάγο,Κρι-κρι,Μάριος,13,24,2023-01-16
304,5,2,Θηλαστικό,Παμφάγο,Αλεπού Φέννεκ,Ελπίδα,4,1,2023-01-11
305,405,6,Θηλαστικό,Σαρκοφάγο,Γκρίζος Λύκος,Φιλιππία,3,43,2023-01-26
306,14,4,Θηλαστικό,Φυτοφάγο,Ελέφαντας,Ζαφείρης,18,392,2023-01-24
307,201,26,Πτηνό,Φυτοφάγο,Χήνα,Ερμιόνη,8,1,2023-01-12
308,306,3,Θηλαστικό,Φυτοφάγο,Αντιλόπη του Νερού,Προδρομία,8,86,2023-01-11
309,506,5,Θηλαστικό,Φυτοφάγο,Καμήλα,Βαγιανή,19,79,2023-01-28
310,394,27,Πτηνό,Παμφάγο,Ασημένιος Φασιανός,Φρίξος,4,3,2023-01-14
311,343,3,Θηλαστικό,Φυτοφάγο,Αντιλόπη του Νερού,Ζαχαρίας,8,50,2023-01-25
312,125,3,Θηλαστικό,Φυτοφάγο,Αντιλόπη του Νερού,Ευθαλία,5,116,2023-01-21
313,254,7,Θηλαστικό,Φυτοφάγο,Καμηλοπάρδαλη,Δάφνη,24,138,2023-01-29
314,197,21,Ερπετό,Σαρκοφάγο,Πύθωνας,Ηράκλεια,1,205,2023-01-29
315,432,26,Πτηνό,Φυτοφάγο,Χήνα,Αγγελική,8,1,2023-01-31
316,571,12,Θηλαστικό,Φυτοφάγο,Λεμούριος Κιάττα,Πολύκαρπος,19,3,2023-01-27
317,561,30,Πτηνό,Φυτοφάγο,Βούκερος ο Υδροκόρακας,Νεφέλη,48,3,2023-01-22
318,513,2,Θηλαστικό,Παμφάγο,Αλεπού Φέννεκ,Συμεώνη,8,1,2023-01-16
319,118,10,Θηλαστικό,Φυτοφάγο,Κόκκινο Πάντα,Αστέριος,8,3,2023-01-17
320,303,17,Θηλαστικό,Σαρκοφάγο,Τίγρης,Ηλέκτρα,18,98,2023-01-18
321,21,18,Θηλαστικό,Παμφάγο,Χιμπατζής,Δωρόθεος,34,47,2023-01-11
322,122,17,Θηλαστικό,Σαρκοφάγο,Τίγρης,Ιακωβίνα,3,134,2023-01-29
323,308,4,Θηλαστικό,Φυτοφάγο,Ελέφαντας,Ζαφείριος,6,424,2023-01-25
324,489,19,Ερπετό,Σαρκοφάγο,Αλιγάτορας,Ησαΐας,44,166,2023-01-20
325,381,6,Θηλαστικό,Σαρκοφάγο,Γκρίζος Λύκος,Ευθαλία,8,33,2023-01-14
326,455,8,Θηλαστικό,Φυτοφάγο,Ζέβρα,Θεοφίλη,27,156,2023-01-22
327,377,15,Θηλαστικό,Σαρκοφάγο,Λεοπάρδαλη,Αργυρώ,4,12,2023-01-16
328,481,4,Θηλαστικό,Φυτοφάγο,Ελέφαντας,Φωτεινή,22,641,2023-01-27
329,336,1,Θηλαστικό,Φυτοφάγο,Άγριο Γαϊδούρι,Ερρίκος,7,103,2023-01-15
330,304,11,Θηλαστικό,Φυτοφάγο,Κρι-κρι,Γερασιμούλα,7,21,2023-01-15
331,292,24,Ερπετό,Σαρκοφάγο,Κροκόδειλος του Νείλου,Ευμορφία,60,980,2023-01-30
332,376,10,Θηλαστικό,Φυτοφάγο,Κόκκινο Πάντα,Αυγέρης,1,1,2023-01-24
333,295,16,Θηλαστικό,Σαρκοφάγο,Ιπποπόταμος,Σουλτάνα,17,37,2023-01-22
334,464,10,Θηλαστικό,Φυτοφάγο,Κόκκινο Πάντα,Σωτήριος,10,3,2023-01-18
335,495,6,Θηλαστικό,Σαρκοφάγο,Γκρίζος Λύκος,Απόλλων,10,29,2023-01-28
336,568,22,Ερπετό,Σαρκοφάγο,Ανακόντα,Μελένια,9,12,2023-01-28
337,278,18,Θηλαστικό,Παμφάγο,Χιμπατζής,Προδρομία,36,37,2023-01-27
338,551,19,Ερπετό,Σαρκοφάγο,Αλιγάτορας,Χιονιά,47,377,2023-01-25
339,329,4,Θηλαστικό,Φυτοφάγο,Ελέφαντας,Κλυταιμνήστρα,13,521,2023-01-25
340,429,14,Θηλαστικό,Σαρκοφάγο,Λιοντάρι,Γλαύκη,20,285,2023-01-30
341,237,8,Θηλαστικό,Φυτοφάγο,Ζέβρα,Χρυσοβαλάντιος,8,153,2023-01-24
342,123,26,Πτηνό,Φυτοφάγο,Χήνα,Χρυσοβαλάντω,5,1,2023-01-12
343,183,12,Θηλαστικό,Φυτοφάγο,Λεμούριος Κιάττα,Ασημάκης,6,3,2023-01-21
344,567,1,Θηλαστικό,Φυτοφάγο,Άγριο Γαϊδούρι,Ελισσαίος,9,176,2023-01-11
345,522,9,Θηλαστικό,Παμφάγο,Καφέ αρκούδα,Δανάη,6,284,2023-01-25
346,365,9,Θηλαστικό,Παμφάγο,Καφέ αρκούδα,Γιαννούλα,1,144,2023-01-16
347,87,28,Πτηνό,Σαρκοφάγο,Ασπροκέφαλος Γύπας,Χαρά,20,4,2023-01-20
348,209,7,Θηλαστικό,Φυτοφάγο,Καμηλοπάρδαλη,Έκτορας,26,238,2023-01-28
349,500,4,Θηλαστικό,Φυτοφάγο,Ελέφαντας,Τσαμπίκος,30,599,2023-01-19
350,110,30,Πτηνό,Φυτοφάγο,Βούκερος ο Υδροκόρακας,Κώστας,44,1,2023-01-30
351,350,28,Πτηνό,Σαρκοφάγο,Ασπροκέφαλος Γύπας,Βαλάντης,18,5,2023-01-14
352,573,14,Θηλαστικό,Σαρκοφάγο,Λιοντάρι,Ακρίτας,14,107,2023-01-14
353,218,11,Θηλαστικό,Φυτοφάγο,Κρι-κρι,Ανάργυρη,9,43,2023-01-25
354,570,29,Πτηνό,Παμφάγο,Βασιλικός Γύπας,Πολυξένη,40,1,2023-01-15
355,386,14,Θηλαστικό,Σαρκοφάγο,Λιοντάρι,Παύλος,17,166,2023-01-18
356,375,17,Θηλαστικό,Σαρκοφάγο,Τίγρης,Ελευθερία,29,79,2023-01-15
357,333,5,Θηλαστικό,Φυτοφάγο,Καμήλα,Περιστέρα,6,90,2023-01-25
358,226,22,Ερπετό,Σαρκοφάγο,Ανακόντα,Ισαβέλλα,8,26,2023-01-22
359,315,13,Θηλαστικό,Φυτοφάγο,Λευκός Ρινόκερος,Χαραλαμπία,19,1366,2023-01-20
360,412,6,Θηλαστικό,Σαρκοφάγο,Γκρίζος Λύκος,Βλαδίμηρος,10,38,2023-01-25
361,30,7,Θηλαστικό,Φυτοφάγο,Καμηλοπάρδαλη,Άλκηστις,29,258,2023-01-31
362,325,15,Θηλαστικό,Σαρκοφάγο,Λεοπάρδαλη,Ιορδανία,17,25,2023-01-12
363,416,25,Ερπετό,Φυτοφάγο,Χελώνα,Παρθένα,76,19,2023-01-23
364,501,17,Θηλαστικό,Σαρκοφάγο,Τίγρης,Χρυσαυγή,23,101,2023-01-29
365,340,7,Θηλαστικό,Φυτοφάγο,Καμηλοπάρδαλη,Μαυρούδης,20,144,2023-01-27
366,566,7,Θηλαστικό,Φυτοφάγο,Καμηλοπάρδαλη,Ποθητή,25,214,2023-01-11
367,357,9,Θηλαστικό,Παμφάγο,Καφέ αρκούδα,Υπαπαντή,13,230,2023-01-22
368,301,10,Θηλαστικό,Φυτοφάγο,Κόκκινο Πάντα,Πανορμίτης,10,1,2023-01-15
369,469,1,Θηλαστικό,Φυτοφάγο,Άγριο Γαϊδούρι,Αστέρω,20,74,2023-01-23
370,259,27,Πτηνό,Παμφάγο,Ασημένιος Φασιανός,Ξανθή,3,2,2023-01-28
371,426,16,Θηλαστικό,Σαρκοφάγο,Ιπποπόταμος,Δίκαιος,16,44,2023-01-15
372,485,14,Θηλαστικό,Σαρκοφάγο,Λιοντάρι,Αλκιβιάδης,17,232,2023-01-19
373,427,4,Θηλαστικό,Φυτοφάγο,Ελέφαντας,Ελευθέριος,35,492,2023-01-13
374,431,9,Θηλαστικό,Παμφάγο,Καφέ αρκούδα,Αριστέα,10,129,2023-01-11
375,496,2,Θηλαστικό,Παμφάγο,Αλεπού Φέννεκ,Μυρτώ,8,1,2023-01-27
376,21,5,Θηλαστικό,Φυτοφάγο,Καμήλα,Ζηναϊς,8,165,2023-01-28
377,384,28,Πτηνό,Σαρκοφάγο,Ασπροκέφαλος Γύπας,Κορνήλιος,16,3,2023-01-11
378,131,1,Θηλαστικό,Φυτοφάγο,Άγριο Γαϊδούρι,Ζαφειρία,16,121,2023-01-14
379,326,4,Θηλαστικό,Φυτοφάγο,Ελέφαντας,Τσαμπίκα,26,729,2023-01-20
380,575,24,Ερπετό,Σαρκοφάγο,Κροκόδειλος του Νείλου,Ανδρονίκη,55,841,2023-01-15
381,507,17,Θηλαστικό,Σαρκοφάγο,Τίγρης,Βαρσαμία,4,83,2023-01-19
382,3,29,Πτηνό,Παμφάγο,Βασιλικός Γύπας,Ανδρομάχη,24,1,2023-01-18
383,435,10,Θηλαστικό,Φυτοφάγο,Κόκκινο Πάντα,Μαριγώ,8,2,2023-01-31
384,315,23,Ερπετό,Σαρκοφάγο,Δράκος του Κόμοντο,Σπήλιος,46,59,2023-01-29
385,483,23,Ερπετό,Σαρκοφάγο,Δράκος του Κόμοντο,Αριστομένης,44,87,2023-01-27
386,440,11,Θηλαστικό,Φυτοφάγο,Κρι-κρι,Δημήτρης,26,20,2023-01-23
387,538,12,Θηλαστικό,Φυτοφάγο,Λεμούριος Κιάττα,Σπυράννα,15,1,2023-01-15
388,589,22,Ερπετό,Σαρκοφάγο,Ανακόντα,Βλάσιος,4,27,2023-01-14
389,435,28,Πτηνό,Σαρκοφάγο,Ασπροκέφαλος Γύπας,Παυλίνα,11,3,2023-01-28
390,299,5,Θηλαστικό,Φυτοφάγο,Καμήλα,Ματίνα,2,80,2023-01-14
391,459,23,Ερπετό,Σαρκοφάγο,Δράκος του Κόμοντο,Αναστάσιος,17,94,2023-01-14
392,120,22,Ερπετό,Σαρκοφάγο,Ανακόντα,Σουμέλα,6,14,2023-01-13
393,79,20,Ερπετό,Σαρκοφάγο,Βόας,Βενέτιος,13,9,2023-01-24
394,181,29,Πτηνό,Παμφάγο,Βασιλικός Γύπας,Νεφέλη,34,3,2023-01-11
395,290,29,Πτηνό,Παμφάγο,Βασιλικός Γύπας,Ισαβέλλα,31,1,2023-01-24
396,9,5,Θηλαστικό,Φυτοφάγο,Καμήλα,Κώστας,12,169,2023-01-21
397,324,13,Θηλαστικό,Φυτοφάγο,Λευκός Ρινόκερος,Δέσποινα,46,2747,2023-01-23
398,90,25,Ερπετό,Φυτοφάγο,Χελώνα,Ντανιέλα,82,42,2023-01-29
399,169,20,Ερπετό,Σαρκοφάγο,Βόας,Αριστέα,16,13,2023-01-16
400,359,23,Ερπετό,Σαρκοφάγο,Δράκος του Κόμοντο,Κοσμάς,9,126,2023-01-29
401,269,3,Θηλαστικό,Φυτοφάγο,Αντιλόπη του Νερού,Ρωμανός,4,89,2023-01-24
402,260,12,Θηλαστικό,Φυτοφάγο,Λεμούριος Κιάττα,Στεργιανή,15,3,2023-01-25
403,390,15,Θηλαστικό,Σαρκοφάγο,Λεοπάρδαλη,Γλαύκη,11,18,2023-01-30
404,255,26,Πτηνό,Φυτοφάγο,Χήνα,Ιωάννης,8,1,2023-01-31
405,428,9,Θηλαστικό,Παμφάγο,Καφέ αρκούδα,Αλέξιος,5,147,2023-01-29
406,585,8,Θηλαστικό,Φυτοφάγο,Ζέβρα,Μαυροειδής,7,194,2023-01-21
407,27,2,Θηλαστικό,Παμφάγο,Αλεπού Φέννεκ,Θάλεια,4,1,2023-01-21
408,599,14,Θηλαστικό,Σαρκοφάγο,Λιοντάρι,Λεονάρδος,7,170,2023-01-16
409,353,6,Θηλαστικό,Σαρκοφάγο,Γκρίζος Λύκος,Προκόπιος,5,36,2023-01-13
410,108,28,Πτηνό,Σαρκοφάγο,Ασπροκέφαλος Γύπας,Χιονιά,14,3,2023-01-11
411,474,8,Θηλαστικό,Φυτοφάγο,Ζέβρα,Σόλων,4,154,2023-01-13
412,184,7,Θηλαστικό,Φυτοφάγο,Καμηλοπάρδαλη,Λαοκράτης,4,123,2023-01-22
413,148,4,Θηλαστικό,Φυτοφάγο,Ελέφαντας,Μαριγώ,8,411,2023-01-21
414,549,8,Θηλαστικό,Φυτοφάγο,Ζέβρα,Λεονάρδος,16,218,2023-01-24
415,444,5,Θηλαστικό,Φυτοφάγο,Καμήλα,Τριανταφυλλιά,18,154,2023-01-23
416,8,27,Πτηνό,Παμφάγο,Ασημένιος Φασιανός,Κυριάκος,3,1,2023-01-17
417,184,24,Ερπετό,Σαρκοφάγο,Κροκόδειλος του Νείλου,Σπήλιος,19,781,2023-01-19
418,63,16,Θηλαστικό,Σαρκοφάγο,Ιπποπόταμος,Σαββούλα,12,57,2023-01-14
419,567,14,Θηλαστικό,Σαρκοφάγο,Λιοντάρι,Κατερίνα,5,212,2023-01-18
420,250,28,Πτηνό,Σαρκοφάγο,Ασπροκέφαλος Γύπας,Δωροθέα,9,5,2023-01-11
421,568,25,Ερπετό,Φυτοφάγο,Χελώνα,Ολύμπια,128,17,2023-01-30
422,435,14,Θηλαστικό,Σαρκοφάγο,Λιοντάρι,Συμέλα,19,161,2023-01-25
423,247,2,Θηλαστικό,Παμφάγο,Αλεπού Φέννεκ,Δωρόθεος,6,1,2023-01-15
424,447,6,Θηλαστικό,Σαρκοφάγο,Γκρίζος Λύκος,Πανορμίτης,8,25,2023-01-19
425,150,11,Θηλαστικό,Φυτοφάγο,Κρι-κρι,Ευθαλία,7,54,2023-01-20
426,14,20,Ερπετό,Σαρκοφάγο,Βόας,Αριστέα,24,12,2023-01-31
427,150,5,Θηλαστικό,Φυτοφάγο,Καμήλα,Ιππολύτη,11,161,2023-01-27
428,263,10,Θηλαστικό,Φυτοφάγο,Κόκκινο Πάντα,Μελπομένη,8,1,2023-01-13
429,563,9,Θηλαστικό,Παμφάγο,Καφέ αρκούδα,Ανάργυρος,19,197,2023-01-31
430,191,26,Πτηνό,Φυτοφάγο,Χήνα,Μαριάννα,13,1,2023-01-13
431,373,15,Θηλαστικό,Σαρκοφάγο,Λεοπάρδαλη,Καλλιρόη,9,21,2023-01-18
432,187,12,Θηλαστικό,Φυτοφάγο,Λεμούριος Κιάττα,Φρειδερίκος,13,3,2023-01-24
433,15,27,Πτηνό,Παμφάγο,Ασημένιος Φασιανός,Ηλιάνα,3,3,2023-01-31
434,408,1,Θηλαστικό,Φυτοφάγο,Άγριο Γαϊδούρι,Πλάτων,22,197,2023-01-11
435,600,25,Ερπετό,Φυτοφάγο,Χελώνα,Πύρρος,98,23,2023-01-21
436,281,9,Θηλαστικό,Παμφάγο,Καφέ αρκούδα,Βασίλης,28,121,2023-01-27
437,88,9,Θηλαστικό,Παμφάγο,Καφέ αρκούδα,Πασχάλης,19,233,2023-01-18
438,474,30,Πτηνό,Φυτοφάγο,Βούκερος ο Υδροκόρακας,Κορνήλιος,52,3,2023-01-23
439,383,5,Θηλαστικό,Φυτοφάγο,Καμήλα,Ρωξάνη,2,153,2023-01-31
440,208,5,Θηλαστικό,Φυτοφάγο,Καμήλα,Παντελής,16,156,2023-01-16
441,464,20,Ερπετό,Σαρκοφάγο,Βόας,Τιμολέων,17,21,2023-01-15
442,241,24,Ερπετό,Σαρκοφάγο,Κροκόδειλος του Νείλου,Ευσταθία,36,359,2023-01-24
443,119,4,Θηλαστικό,Φυτοφάγο,Ελέφαντας,Αργυρούλα,23,335,2023-01-30
444,43,9,Θηλαστικό,Παμφάγο,Καφέ αρκούδα,Δαμασκηνός,16,235,2023-01-20
445,366,29,Πτηνό,Παμφάγο,Βασιλικός Γύπας,Σαπφώ,40,1,2023-01-29
446,597,16,Θηλαστικό,Σαρκοφάγο,Ιπποπόταμος,Ευθύμιος,11,38,2023-01-15
447,489,22,Ερπετό,Σαρκοφάγο,Ανακόντα,Διομήδης,4,22,2023-01-28
448,398,25,Ερπετό,Φυτοφάγο,Χελώνα,Νομική,83,38,2023-01-16
449,465,5,Θηλαστικό,Φυτοφάγο,Καμήλα,Περικλεία,12,71,2023-01-16
450,470,20,Ερπετό,Σαρκοφάγο,Βόας,Διαμαντούλα,14,22,2023-01-21
451,160,5,Θηλαστικό,Φυτοφάγο,Καμήλα,Χριστοδούλα,18,170,2023-01-21
452,279,2,Θηλαστικό,Παμφάγο,Αλεπού Φέννεκ,Αντιγόνη,8,1,2023-01-27
453,433,4,Θηλαστικό,Φυτοφάγο,Ελέφαντας,Γλαύκη,11,564,2023-01-24
454,362,3,Θηλαστικό,Φυτοφάγο,Αντιλόπη του Νερού,Καλομοίρα,10,66,2023-01-22
455,166,11,Θηλαστικό,Φυτοφάγο,Κρι-κρι,Θεοδότη,20,54,2023-01-22
456,128,1,Θηλαστικό,Φυτοφάγο,Άγριο Γαϊδούρι,Ζηνόβιος,3,184,2023-01-21
457,58,20,Ερπετό,Σαρκοφάγο,Βόας,Σουμέλα,2,21,2023-01-16
458,590,7,Θηλαστικό,Φυτοφάγο,Καμηλοπάρδαλη,Ζαφείρης,7,148,2023-01-23
459,379,16,Θηλαστικό,Σαρκοφάγο,Ιπποπόταμος,Εμμανουέλα,18,58,2023-01-22
460,325,25,Ερπετό,Φυτοφάγο,Χελώνα,Ροδόφλος,147,17,2023-01-27
461,286,4,Θηλαστικό,Φυτοφάγο,Ελέφαντας,Θεόφιλος,3,251,2023-01-16
462,498,24,Ερπετό,Σαρκοφάγο,Κροκόδειλος του Νείλου,Ιερώνυμος,25,589,2023-01-13
463,460,9,Θηλαστικό,Παμφάγο,Καφέ αρκούδα,Μαγδαληνή,30,161,2023-01-11
464,52,7,Θηλαστικό,Φυτοφάγο,Καμηλοπάρδαλη,Στυλιανή,15,227,2023-01-26
465,237,20,Ερπετό,Σαρκοφάγο,Βόας,Σαπφώ,17,22,2023-01-24
466,598,5,Θηλαστικό,Φυτοφάγο,Καμήλα,Αιμίλιος,19,173,2023-01-31
467,217,6,Θηλαστικό,Σαρκοφάγο,Γκρίζος Λύκος,Θάλεια,7,21,2023-01-12
468,64,16,Θηλαστικό,Σαρκοφάγο,Ιπποπόταμος,Μαλβίνα,11,57,2023-01-13
469,262,26,Πτηνό,Φυτοφάγο,Χήνα,Ναυσικά,4,3,2023-01-11
470,329,29,Πτηνό,Παμφάγο,Βασιλικός Γύπας,Ζαφείρης,36,1,2023-01-21
471,34,8,Θηλαστικό,Φυτοφάγο,Ζέβρα,Ανάργυρος,11,151,2023-01-28
472,333,18,Θηλαστικό,Παμφάγο,Χιμπατζής,Κοραλία,23,56,2023-01-16
473,229,24,Ερπετό,Σαρκοφάγο,Κροκόδειλος του Νείλου,Γεωργία,30,605,2023-01-29
474,194,9,Θηλαστικό,Παμφάγο,Καφέ αρκούδα,Χάρις,25,272,2023-01-26
475,51,12,Θηλαστικό,Φυτοφάγο,Λεμούριος Κιάττα,Έλλη,22,1,2023-01-17
476,516,19,Ερπετό,Σαρκοφάγο,Αλιγάτορας,Δημήτρης,20,323,2023-01-19
477,597,8,Θηλαστικό,Φυτοφάγο,Ζέβρα,Λεώνη,23,217,2023-01-26
478,73,29,Πτηνό,Παμφάγο,Βασιλικός Γύπας,Αριστόβουλος,10,2,2023-01-16
479,240,6,Θηλαστικό,Σαρκοφάγο,Γκρίζος Λύκος,Μάνθα,5,45,2023-01-31
480,50,17,Θηλαστικό,Σαρκοφάγο,Τίγρης,Αυγή,20,98,2023-01-18
481,268,20,Ερπετό,Σαρκοφάγο,Βόας,Στέλλιος,16,13,2023-01-18
482,386,15,Θηλαστικό,Σαρκοφάγο,Λεοπάρδαλη,Θεόδωρος,9,18,2023-01-22
483,245,6,Θηλαστικό,Σαρκοφάγο,Γκρίζος Λύκος,Γιαννούλα,6,27,2023-01-20
484,355,23,Ερπετό,Σαρκοφάγο,Δράκος του Κόμοντο,Αναγνώστης,20,71,2023-01-25
485,36,25,Ερπετό,Φυτοφάγο,Χελώνα,Τριαντάφυλλη,92,16,2023-01-29
486,202,2,Θηλαστικό,Παμφάγο,Αλεπού Φέννεκ,Προμηθέας,4,1,2023-01-12
487,516,2,Θηλαστικό,Παμφάγο,Αλεπού Φέννεκ,Μερκούριος,4,1,2023-01-23
488,395,17,Θηλαστικό,Σαρκοφάγο,Τίγρης,Σελήνη,28,121,2023-01-25
489,31,20,Ερπετό,Σαρκοφάγο,Βόας,Λουλουδένια,4,8,2023-01-13
490,275,14,Θηλαστικό,Σαρκοφάγο,Λιοντάρι,Τατιάνα,11,103,2023-01-14
491,2,8,Θηλαστικό,Φυτοφάγο,Ζέβρα,Χρυσαφένια,5,213,2023-01-28
492,143,2,Θηλαστικό,Παμφάγο,Αλεπού Φέννεκ,Φιλαρέτη,4,1,2023-01-22
493,15,6,Θηλαστικό,Σαρκοφάγο,Γκρίζος Λύκος,Χρίστος,6,45,2023-01-30
494,58,15,Θηλαστικό,Σαρκοφάγο,Λεοπάρδαλη,Νικητία,16,30,2023-01-31
495,326,16,Θηλαστικό,Σαρκοφάγο,Ιπποπόταμος,Μαριάννα,4,25,2023-01-17
496,354,13,Θηλαστικό,Φυτοφάγο,Λευκός Ρινόκερος,Κυράτσα,33,2996,2023-01-20
497,367,28,Πτηνό,Σαρκοφάγο,Ασπροκέφαλος Γύπας,Τρύφων,6,2,2023-01-28
498,484,21,Ερπετό,Σαρκοφάγο,Πύθωνας,Δήμος,27,217,2023-01-25
499,141,7,Θηλαστικό,Φυτοφάγο,Καμηλοπάρδαλη,Σεβαστή,21,183,2023-01-14
500,110,26,Πτηνό,Φυτοφάγο,Χήνα,Άγγελος,3,3,2023-01-16
501,428,25,Ερπετό,Φυτοφάγο,Χελώνα,Αρτέμης,5,40,2023-01-20
502,256,16,Θηλαστικό,Σαρκοφάγο,Ιπποπόταμος,Αλκινόη,2,44,2023-01-19
503,403,13,Θηλαστικό,Φυτοφάγο,Λευκός Ρινόκερος,Αδαμάντιος,18,2059,2023-01-16
504,348,21,Ερπετό,Σαρκοφάγο,Πύθωνας,Σωτήρης,27,81,2023-01-25
505,519,25,Ερπετό,Φυτοφάγο,Χελώνα,Αντωνία,113,24,2023-01-11
506,124,8,Θηλαστικό,Φυτοφάγο,Ζέβρα,Βιργινία,27,92,2023-01-15
507,505,18,Θηλαστικό,Παμφάγο,Χιμπατζής,Αριάδνη,20,26,2023-01-16
508,106,24,Ερπετό,Σαρκοφάγο,Κροκόδειλος του Νείλου,Πολύδωρα,8,829,2023-01-21
509,143,27,Πτηνό,Παμφάγο,Ασημένιος Φασιανός,Αριστοτέλης,7,1,2023-01-20
510,280,18,Θηλαστικό,Παμφάγο,Χιμπατζής,Μιράντα,45,37,2023-01-20
511,371,27,Πτηνό,Παμφάγο,Ασημένιος Φασιανός,Σταμάτης,3,3,2023-01-17
512,557,17,Θηλαστικό,Σαρκοφάγο,Τίγρης,Διονυσία,24,94,2023-01-27
513,459,27,Πτηνό,Παμφάγο,Ασημένιος Φασιανός,Κλημεντίνη,9,2,2023-01-24
514,325,22,Ερπετό,Σαρκοφάγο,Ανακόντα,Ελευθερία,12,12,2023-01-24
515,334,28,Πτηνό,Σαρκοφάγο,Ασπροκέφαλος Γύπας,Γαλάτεια,4,2,2023-01-12
516,411,11,Θηλαστικό,Φυτοφάγο,Κρι-κρι,Θεοτόκης,1,38,2023-01-21
517,48,30,Πτηνό,Φυτοφάγο,Βούκερος ο Υδροκόρακας,Άγγελος,60,1,2023-01-27
518,178,18,Θηλαστικό,Παμφάγο,Χιμπατζής,Σωτήρης,22,38,2023-01-23
519,541,18,Θηλαστικό,Παμφάγο,Χιμπατζής,Λαζαρία,27,45,2023-01-29
520,259,18,Θηλαστικό,Παμφάγο,Χιμπατζής,Αριστοφάνης,7,51,2023-01-20
521,275,5,Θηλαστικό,Φυτοφάγο,Καμήλα,Κυπριανή,3,110,2023-01-13
522,548,22,Ερπετό,Σαρκοφάγο,Ανακόντα,Υάκινθος,14,19,2023-01-22
523,582,24,Ερπετό,Σαρκοφάγο,Κροκόδειλος του Νείλου,Θεολογία,9,646,2023-01-15
524,345,22,Ερπετό,Σαρκοφάγο,Ανακόντα,Άρης,19,30,2023-01-15
525,241,27,Πτηνό,Παμφάγο,Ασημένιος Φασιανός,Διογένης,3,3,2023-01-28
526,339,2,Θηλαστικό,Παμφάγο,Αλεπού Φέννεκ,Νομική,7,1,2023-01-30
527,462,29,Πτηνό,Παμφάγο,Βασιλικός Γύπας,Ασημίνα,33,3,2023-01-18
528,575,24,Ερπετό,Σαρκοφάγο,Κροκόδειλος του Νείλου,Ανθούλης,27,377,2023-01-30
529,483,8,Θηλαστικό,Φυτοφάγο,Ζέβρα,Αγάπη,30,101,2023-01-25
530,397,28,Πτηνό,Σαρκοφάγο,Ασπροκέφαλος Γύπας,Δημοκράτης,12,2,2023-01-21
531,557,2,Θηλαστικό,Παμφάγο,Αλεπού Φέννεκ,Χρυσαφένια,7,1,2023-01-14
532,244,13,Θηλαστικό,Φυτοφάγο,Λευκός Ρινόκερος,Δαμασκηνή,50,2623,2023-01-20
533,493,21,Ερπετό,Σαρκοφάγο,Πύθωνας,Αρχοντία,14,134,2023-01-30
534,563,5,Θηλαστικό,Φυτοφάγο,Καμήλα,Αγαθάγγελος,4,119,2023-01-25
535,341,9,Θηλαστικό,Παμφάγο,Καφέ αρκούδα,Τιμόθεος,26,283,2023-01-11
536,569,14,Θηλαστικό,Σαρκοφάγο,Λιοντάρι,Μαργαρίτα,2,249,2023-01-29
537,177,5,Θηλαστικό,Φυτοφάγο,Καμήλα,Φαίδρα,11,139,2023-01-20
538,394,3,Θηλαστικό,Φυτοφάγο,Αντιλόπη του Νερού,Καλή,1,49,2023-01-29
539,364,27,Πτηνό,Παμφάγο,Ασημένιος Φασιανός,Φωκάς,10,2,2023-01-24
540,372,23,Ερπετό,Σαρκοφάγο,Δράκος του Κόμοντο,Σαράντης,45,96,2023-01-20
541,30,27,Πτηνό,Παμφάγο,Ασημένιος Φασιανός,Γλαύκη,3,2,2023-01-15
542,428,21,Ερπετό,Σαρκοφάγο,Πύθωνας,Νεόκλεια,16,222,2023-01-11
543,579,3,Θηλαστικό,Φυτοφάγο,Αντιλόπη του Νερού,Ιππόλυτος,13,107,2023-01-30
544,594,9,Θηλαστικό,Παμφάγο,Καφέ αρκούδα,Αντύπας,21,273,2023-01-18
545,176,29,Πτηνό,Παμφάγο,Βασιλικός Γύπας,Δήμητρα,14,3,2023-01-20
546,490,23,Ερπετό,Σαρκοφάγο,Δράκος του Κόμοντο,Πολυξένη,23,130,2023-01-28
547,25,17,Θηλαστικό,Σαρκοφάγο,Τίγρης,Δανάη,25,124,2023-01-17
548,424,18,Θηλαστικό,Παμφάγο,Χιμπατζής,Κλημεντίνη,54,40,2023-01-25
549,282,24,Ερπετό,Σαρκοφάγο,Κροκόδειλος του Νείλου,Δαμασκηνή,22,669,2023-01-17
550,527,28,Πτηνό,Σαρκοφάγο,Ασπροκέφαλος Γύπας,Γιάννης,1,2,2023-01-14
551,420,24,Ερπετό,Σαρκοφάγο,Κροκόδειλος του Νείλου,Ευγένιος,43,464,2023-01-23
552,565,28,Πτηνό,Σαρκοφάγο,Ασπροκέφαλος Γύπας,Πολυνίκη,18,2,2023-01-15
553,55,30,Πτηνό,Φυτοφάγο,Βούκερος ο Υδροκόρακας,Θεοφάνης,33,3,2023-01-14
554,128,6,Θηλαστικό,Σαρκοφάγο,Γκρίζος Λύκος,Λεονάρδος,2,32,2023-01-27
555,369,5,Θηλαστικό,Φυτοφάγο,Καμήλα,Κομνηνή,13,121,2023-01-24
556,539,2,Θηλαστικό,Παμφάγο,Αλεπού Φέννεκ,Σόλων,10,1,2023-01-23
557,412,10,Θηλαστικό,Φυτοφάγο,Κόκκινο Πάντα,Νερατζιά,3,3,2023-01-28
558,8,12,Θηλαστικό,Φυτοφάγο,Λεμούριος Κιάττα,Όμηρος,19,3,2023-01-18
559,326,2,Θηλαστικό,Παμφάγο,Αλεπού Φέννεκ,Μελένια,7,1,2023-01-11
560,236,4,Θηλαστικό,Φυτοφάγο,Ελέφαντας,Αρτεμισία,4,688,2023-01-11
561,35,26,Πτηνό,Φυτοφάγο,Χήνα,Βαλάντω,30,1,2023-01-11
562,559,20,Ερπετό,Σαρκοφάγο,Βόας,Τιμολέων,15,16,2023-01-25
563,559,1,Θηλαστικό,Φυτοφάγο,Άγριο Γαϊδούρι,Κορνηλία,22,155,2023-01-20
564,142,19,Ερπετό,Σαρκοφάγο,Αλιγάτορας,Χαράλαμπος,8,345,2023-01-31
565,286,18,Θηλαστικό,Παμφάγο,Χιμπατζής,Ακρίτας,4,49,2023-01-20
566,283,9,Θηλαστικό,Παμφάγο,Καφέ αρκούδα,Ασπασία,30,282,2023-01-28
567,550,20,Ερπετό,Σαρκοφάγο,Βόας,Βλασία,17,13,2023-01-21
568,463,20,Ερπετό,Σαρκοφάγο,Βόας,Ερμιόνη,13,22,2023-01-15
569,157,12,Θηλαστικό,Φυτοφάγο,Λεμούριος Κιάττα,Εμμανουήλ,1,1,2023-01-21
570,174,11,Θηλαστικό,Φυτοφάγο,Κρι-κρι,Βελισσάριος,14,60,2023-01-13
571,134,16,Θηλαστικό,Σαρκοφάγο,Ιπποπόταμος,Υπαπαντή,16,45,2023-01-17
572,580,12,Θηλαστικό,Φυτοφάγο,Λεμούριος Κιάττα,Συμεωνία,30,2,2023-01-27
573,445,9,Θηλαστικό,Παμφάγο,Καφέ αρκούδα,Ήλια,5,120,2023-01-25
574,324,20,Ερπετό,Σαρκοφάγο,Βόας,Μεταξία,15,13,2023-01-22
575,547,2,Θηλαστικό,Παμφάγο,Αλεπού Φέννεκ,Αλίκη,8,1,2023-01-22
576,314,9,Θηλαστικό,Παμφάγο,Καφέ αρκούδα,Σπυρίδων,9,276,2023-01-31
577,536,8,Θηλαστικό,Φυτοφάγο,Ζέβρα,Δράκων,5,96,2023-01-16
578,82,2,Θηλαστικό,Παμφάγο,Αλεπού Φέννεκ,Αγαθοκλής,8,1,2023-01-20
579,2,2,Θηλαστικό,Παμφάγο,Αλεπού Φέννεκ,Βαλεντίνος,8,1,2023-01-18
580,15,27,Πτηνό,Παμφάγο,Ασημένιος Φασιανός,Χάιδω,5,2,2023-01-17
581,378,3,Θηλαστικό,Φυτοφάγο,Αντιλόπη του Νερού,Δήμος,13,123,2023-01-26
582,28,4,Θηλαστικό,Φυτοφάγο,Ελέφαντας,Ευδοκία,17,458,2023-01-11
583,363,8,Θηλαστικό,Φυτοφάγο,Ζέβρα,Συμεώνη,5,103,2023-01-26
584,382,29,Πτηνό,Παμφάγο,Βασιλικός Γύπας,Αγαθόνικος,16,3,2023-01-31
585,377,29,Πτηνό,Παμφάγο,Βασιλικός Γύπας,Ανθούλης,12,1,2023-01-13
586,409,21,Ερπετό,Σαρκοφάγο,Πύθωνας,Ασπασία,7,108,2023-01-25
587,598,6,Θηλαστικό,Σαρκοφάγο,Γκρίζος Λύκος,Ελπίς,10,31,2023-01-11
588,49,9,Θηλαστικό,Παμφάγο,Καφέ αρκούδα,Λήδα,16,243,2023-01-30
589,22,6,Θηλαστικό,Σαρκοφάγο,Γκρίζος Λύκος,Ευρυδίκη,7,29,2023-01-22
590,170,17,Θηλαστικό,Σαρκοφάγο,Τίγρης,Ιερόθεος,5,134,2023-01-26
591,132,18,Θηλαστικό,Παμφάγο,Χιμπατζής,Λεονάρδος,55,59,2023-01-22
592,342,21,Ερπετό,Σαρκοφάγο,Πύθωνας,Ήβη,18,131,2023-01-26
593,381,3,Θηλαστικό,Φυτοφάγο,Αντιλόπη του Νερού,Ξένη,5,80,2023-01-31
594,580,18,Θηλαστικό,Παμφάγο,Χιμπατζής,Αντιγόνη,4,35,2023-01-28
595,361,9,Θηλαστικό,Παμφάγο,Καφέ αρκούδα,Αγαθάγγελος,18,230,2023-01-14
596,41,28,Πτηνό,Σαρκοφάγο,Ασπροκέφαλος Γύπας,Τιμολέων,10,4,2023-01-25
597,322,27,Πτηνό,Παμφάγο,Ασημένιος Φασιανός,Χριστόφορος,6,2,2023-01-31
598,92,17,Θηλαστικό,Σαρκοφάγο,Τίγρης,Ζηναϊς,3,150,2023-01-23
599,599,16,Θηλαστικό,Σαρκοφάγο,Ιπποπόταμος,Θηρεσία,3,59,2023-01-23
600,9,29,Πτηνό,Παμφάγο,Βασιλικός Γύπας,Ζησούλα,17,1,2023-01-13
601,460,26,Πτηνό,Φυτοφάγο,Χήνα,Ανέστης,10,3,2023-01-12
602,370,21,Ερπετό,Σαρκοφάγο,Πύθωνας,Ρόζα,1,218,2023-01-25
603,399,19,Ερπετό,Σαρκοφάγο,Αλιγάτορας,Πηνελόπη,60,376,2023-01-19
604,593,26,Πτηνό,Φυτοφάγο,Χήνα,Θεόπιστος,1,3,2023-01-25
605,527,14,Θηλαστικό,Σαρκοφάγο,Λιοντάρι,Αβραάμ,9,297,2023-01-13
606,557,11,Θηλαστικό,Φυτοφάγο,Κρι-κρι,Ασκληπιός,3,31,2023-01-15
607,23,16,Θηλαστικό,Σαρκοφάγο,Ιπποπόταμος,Ιππόλυτος,10,67,2023-01-21
608,213,25,Ερπετό,Φυτοφάγο,Χελώνα,Μαρίνα,72,31,2023-01-30
609,109,7,Θηλαστικό,Φυτοφάγο,Καμηλοπάρδαλη,Θεοφανία,28,222,2023-01-23
610,447,20,Ερπετό,Σαρκοφάγο,Βόας,Κωνσταντίνος,7,15,2023-01-16
611,288,23,Ερπετό,Σαρκοφάγο,Δράκος του Κόμοντο,Σεβαστιανός,33,106,2023-01-14
612,566,9,Θηλαστικό,Παμφάγο,Καφέ αρκούδα,Ρήγας,2,256,2023-01-23
613,524,28,Πτηνό,Σαρκοφάγο,Ασπροκέφαλος Γύπας,Ελέσσα,13,5,2023-01-29
614,63,17,Θηλαστικό,Σαρκοφάγο,Τίγρης,Ακριβή,2,99,2023-01-13
615,575,25,Ερπετό,Φυτοφάγο,Χελώνα,Κωνσταντίνος,31,39,2023-01-26
616,253,8,Θηλαστικό,Φυτοφάγο,Ζέβρα,Ευτέρπη,2,199,2023-01-20
617,299,14,Θηλαστικό,Σαρκοφάγο,Λιοντάρι,Ανδρονίκη,18,288,2023-01-28
618,135,22,Ερπετό,Σαρκοφάγο,Ανακόντα,Αιμιλιανός,9,15,2023-01-15
619,120,18,Θηλαστικό,Παμφάγο,Χιμπατζής,Θεοδότη,4,41,2023-01-11
620,406,24,Ερπετό,Σαρκοφάγο,Κροκόδειλος του Νείλου,Αμαλία,26,617,2023-01-18
621,350,25,Ερπετό,Φυτοφάγο,Χελώνα,Μιχαέλα,19,43,2023-01-12
622,572,21,Ερπετό,Σαρκοφάγο,Πύθωνας,Χρυσοβαλάντιος,27,214,2023-01-12
623,189,19,Ερπετό,Σαρκοφάγο,Αλιγάτορας,Λητώ,14,196,2023-01-18
624,575,15,Θηλαστικό,Σαρκοφάγο,Λεοπάρδαλη,Φωτεινή,12,28,2023-01-25
625,136,15,Θηλαστικό,Σαρκοφάγο,Λεοπάρδαλη,Φραντζέσκα,7,13,2023-01-21
626,316,19,Ερπετό,Σαρκοφάγο,Αλιγάτορας,Αρτέμιος,22,392,2023-01-23
627,131,7,Θηλαστικό,Φυτοφάγο,Καμηλοπάρδαλη,Δωροθέα,27,200,2023-01-19
628,95,18,Θηλαστικό,Παμφάγο,Χιμπατζής,Δάφνη,59,44,2023-01-16
629,201,10,Θηλαστικό,Φυτοφάγο,Κόκκινο Πάντα,Ισίδωρος,6,2,2023-01-11
630,281,2,Θηλαστικό,Παμφάγο,Αλεπού Φέννεκ,Μαριάνθη,3,1,2023-01-27
631,67,13,Θηλαστικό,Φυτοφάγο,Λευκός Ρινόκερος,Σταμάτιος,47,2949,2023-01-31
632,577,14,Θηλαστικό,Σαρκοφάγο,Λιοντάρι,Ασπασία,19,246,2023-01-17
633,107,13,Θηλαστικό,Φυτοφάγο,Λευκός Ρινόκερος,Ανέστης,9,1252,2023-01-15
634,180,23,Ερπετό,Σαρκοφάγο,Δράκος του Κόμοντο,Στέφανος,45,101,2023-01-26
635,577,21,Ερπετό,Σαρκοφάγο,Πύθωνας,Ιππόλυτος,19,115,2023-01-16
636,441,5,Θηλαστικό,Φυτοφάγο,Καμήλα,Νίκανδρος,6,136,2023-01-24
637,84,12,Θηλαστικό,Φυτοφάγο,Λεμούριος Κιάττα,Απόλλων,10,3,2023-01-22
638,109,1,Θηλαστικό,Φυτοφάγο,Άγριο Γαϊδούρι,Χρίστος,14,172,2023-01-29
639,316,15,Θηλαστικό,Σαρκοφάγο,Λεοπάρδαλη,Πέτρα,6,16,2023-01-17
640,302,1,Θηλαστικό,Φυτοφάγο,Άγριο Γαϊδούρι,Βλαδίμηρος,25,174,2023-01-20
641,255,19,Ερπετό,Σαρκοφάγο,Αλιγάτορας,Βενιαμίν,54,240,2023-01-14
642,48,8,Θηλαστικό,Φυτοφάγο,Ζέβρα,Ιωάννα,30,159,2023-01-16
643,6,1,Θηλαστικό,Φυτοφάγο,Άγριο Γαϊδούρι,Δομήνικος,25,126,2023-01-16
644,254,30,Πτηνό,Φυτοφάγο,Βούκερος ο Υδροκόρακας,Ερμόλαος,54,2,2023-01-22
645,278,17,Θηλαστικό,Σαρκοφάγο,Τίγρης,Δημήτριος,24,138,2023-01-14
646,80,28,Πτηνό,Σαρκοφάγο,Ασπροκέφαλος Γύπας,Αδαμάντιος,18,3,2023-01-22
647,588,7,Θηλαστικό,Φυτοφάγο,Καμηλοπάρδαλη,Δήμητρα,11,255,2023-01-30
648,572,10,Θηλαστικό,Φυτοφάγο,Κόκκινο Πάντα,Σαράντης,8,1,2023-01-22
649,449,7,Θηλαστικό,Φυτοφάγο,Καμηλοπάρδαλη,Χρυσαφένια,2,189,2023-01-26
650,487,1,Θηλαστικό,Φυτοφάγο,Άγριο Γαϊδούρι,Μενέλαος,23,154,2023-01-20
651,522,14,Θηλαστικό,Σαρκοφάγο,Λιοντάρι,Κονδυλία,2,197,2023-01-27
652,154,10,Θηλαστικό,Φυτοφάγο,Κόκκινο Πάντα,Ταξιαρχία,2,2,2023-01-18
653,525,23,Ερπετό,Σαρκοφάγο,Δράκος του Κόμοντο,Αγγελής,21,111,2023-01-12
654,272,1,Θηλαστικό,Φυτοφάγο,Άγριο Γαϊδούρι,Αδαμάντιος,7,195,2023-01-19
655,298,16,Θηλαστικό,Σαρκοφάγο,Ιπποπόταμος,Προκόπιος,15,46,2023-01-18
656,365,13,Θηλαστικό,Φυτοφάγο,Λευκός Ρινόκερος,Κηρύκος,44,1090,2023-01-25
657,239,15,Θηλαστικό,Σαρκοφάγο,Λεοπάρδαλη,Ρεβέκκα,14,21,2023-01-22
658,523,16,Θηλαστικό,Σαρκοφάγο,Ιπποπόταμος,Άρτεμις,9,60,2023-01-25
659,569,8,Θηλαστικό,Φυτοφάγο,Ζέβρα,Έκτορας,14,224,2023-01-14
660,214,1,Θηλαστικό,Φυτοφάγο,Άγριο Γαϊδούρι,Ιπποκράτης,14,79,2023-01-17
661,5,19,Ερπετό,Σαρκοφάγο,Αλιγάτορας,Κωστούλα,4,390,2023-01-16
662,226,14,Θηλαστικό,Σαρκοφάγο,Λιοντάρι,Αμαλία,10,220,2023-01-12
663,272,24,Ερπετό,Σαρκοφάγο,Κροκόδειλος του Νείλου,Δαμιανή,12,381,2023-01-25
664,371,25,Ερπετό,Φυτοφάγο,Χελώνα,Θαλασσινή,20,25,2023-01-24
665,541,8,Θηλαστικό,Φυτοφάγο,Ζέβρα,Αμβροσία,28,137,2023-01-15
666,372,26,Πτηνό,Φυτοφάγο,Χήνα,Νικήτας,1,2,2023-01-30
667,522,24,Ερπετό,Σαρκοφάγο,Κροκόδειλος του Νείλου,Αντύπας,54,730,2023-01-29
668,572,26,Πτηνό,Φυτοφάγο,Χήνα,Θεοδοσία,25,3,2023-01-29
669,169,28,Πτηνό,Σαρκοφάγο,Ασπροκέφαλος Γύπας,Φραντζέσκα,14,5,2023-01-24
670,513,23,Ερπετό,Σαρκοφάγο,Δράκος του Κόμοντο,Ανάργυρος,43,116,2023-01-29
671,10,30,Πτηνό,Φυτοφάγο,Βούκερος ο Υδροκόρακας,Αρχιμήδης,29,1,2023-01-24
672,413,18,Θηλαστικό,Παμφάγο,Χιμπατζής,Νερατζιά,28,31,2023-01-20
673,286,3,Θηλαστικό,Φυτοφάγο,Αντιλόπη του Νερού,Ευμορφία,14,111,2023-01-18
674,123,1,Θηλαστικό,Φυτοφάγο,Άγριο Γαϊδούρι,Φρίξος,4,114,2023-01-16
675,129,26,Πτηνό,Φυτοφάγο,Χήνα,Ευγενία,4,2,2023-01-20
676,201,11,Θηλαστικό,Φυτοφάγο,Κρι-κρι,Φιλομήλα,15,21,2023-01-19
677,230,28,Πτηνό,Σαρκοφάγο,Ασπροκέφαλος Γύπας,Στέλλιος,9,4,2023-01-20
678,249,6,Θηλαστικό,Σαρκοφάγο,Γκρίζος Λύκος,Ανθή,9,16,2023-01-15
679,300,17,Θηλαστικό,Σαρκοφάγο,Τίγρης,Ανάργυρη,13,116,2023-01-26
680,321,29,Πτηνό,Παμφάγο,Βασιλικός Γύπας,Σόλων,29,3,2023-01-26
681,103,29,Πτηνό,Παμφάγο,Βασιλικός Γύπας,Ροδόφλος,11,2,2023-01-24
682,584,12,Θηλαστικό,Φυτοφάγο,Λεμούριος Κιάττα,Ζηνόβιος,27,3,2023-01-23
683,119,25,Ερπετό,Φυτοφάγο,Χελώνα,Ηρακλής,136,37,2023-01-16
684,379,7,Θηλαστικό,Φυτοφάγο,Καμηλοπάρδαλη,Αθανάσιος,13,120,2023-01-26
685,329,9,Θηλαστικό,Παμφάγο,Καφέ αρκούδα,Κλεάνθης,27,277,2023-01-17
686,207,8,Θηλαστικό,Φυτοφάγο,Ζέβρα,Παναγής,15,164,2023-01-13
687,493,14,Θηλαστικό,Σαρκοφάγο,Λιοντάρι,Παρασκευή,12,211,2023-01-22
688,82,18,Θηλαστικό,Παμφάγο,Χιμπατζής,Ναθαναήλ,32,23,2023-01-13
689,462,25,Ερπετό,Φυτοφάγο,Χελώνα,Παύλος,29,28,2023-01-11
690,291,30,Πτηνό,Φυτοφάγο,Βούκερος ο Υδροκόρακας,Δροσιά,33,1,2023-01-12
691,242,20,Ερπετό,Σαρκοφάγο,Βόας,Χρήστος,6,12,2023-01-29
692,518,13,Θηλαστικό,Φυτοφάγο,Λευκός Ρινόκερος,Αγάπιος,6,1571,2023-01-26
693,132,14,Θηλαστικό,Σαρκοφάγο,Λιοντάρι,Αλέξιος,14,124,2023-01-28
694,386,4,Θηλαστικό,Φυτοφάγο,Ελέφαντας,Άγγελος,18,333,2023-01-29
695,355,3,Θηλαστικό,Φυτοφάγο,Αντιλόπη του Νερού,Πιερρίνα,5,66,2023-01-12
696,174,18,Θηλαστικό,Παμφάγο,Χιμπατζής,Ίκαρος,59,44,2023-01-11
697,595,1,Θηλαστικό,Φυτοφάγο,Άγριο Γαϊδούρι,Πανταζής,25,118,2023-01-27
698,357,10,Θηλαστικό,Φυτοφάγο,Κόκκινο Πάντα,Καλυψώ,8,2,2023-01-21
699,555,2,Θηλαστικό,Παμφάγο,Αλεπού Φέννεκ,Τιμόθεος,3,1,2023-01-19
700,594,27,Πτηνό,Παμφάγο,Ασημένιος Φασιανός,Κυριακή,9,2,2023-01-25
701,550,27,Πτηνό,Παμφάγο,Ασημένιος Φασιανός,Κλεοπάτρα,3,1,2023-01-12
702,202,2,Θηλαστικό,Παμφάγο,Αλεπού Φέννεκ,Αρτεμισία,9,1,2023-01-16
703,18,13,Θηλαστικό,Φυτοφάγο,Λευκός Ρινόκερος,Θεοχάρης,50,1285,2023-01-30
704,519,9,Θηλαστικό,Παμφάγο,Καφέ αρκούδα,Σταματίνα,11,228,2023-01-16
705,340,28,Πτηνό,Σαρκοφάγο,Ασπροκέφαλος Γύπας,Ισίδωρος,16,4,2023-01-13
706,453,23,Ερπετό,Σαρκοφάγο,Δράκος του Κόμοντο,Αταλάντη,23,98,2023-01-16
707,360,12,Θηλαστικό,Φυτοφάγο,Λεμούριος Κιάττα,Βικέντια,6,1,2023-01-27
708,501,22,Ερπετό,Σαρκοφάγο,Ανακόντα,Καρυοφυλλιά,12,25,2023-01-17
709,85,2,Θηλαστικό,Παμφάγο,Αλεπού Φέννεκ,Μηλιά,10,1,2023-01-11
710,195,12,Θηλαστικό,Φυτοφάγο,Λεμούριος Κιάττα,Λυγερή,25,1,2023-01-23
711,443,4,Θηλαστικό,Φυτοφάγο,Ελέφαντας,Δαμιανός,32,402,2023-01-13
712,529,18,Θηλαστικό,Παμφάγο,Χιμπατζής,Σταματίνα,46,53,2023-01-18
713,536,22,Ερπετό,Σαρκοφάγο,Ανακόντα,Ερμόλαος,20,27,2023-01-18
714,359,8,Θηλαστικό,Φυτοφάγο,Ζέβρα,Επιστήμη,16,110,2023-01-26
715,538,13,Θηλαστικό,Φυτοφάγο,Λευκός Ρινόκερος,Χρυσή,40,2909,2023-01-13
716,133,25,Ερπετό,Φυτοφάγο,Χελώνα,Ελέσσα,136,15,2023-01-25
717,485,29,Πτηνό,Παμφάγο,Βασιλικός Γύπας,Παναγία,14,1,2023-01-18
718,480,6,Θηλαστικό,Σαρκοφάγο,Γκρίζος Λύκος,Βησσαρίων,4,31,2023-01-18
719,407,25,Ερπετό,Φυτοφάγο,Χελώνα,Αντίγονος,72,39,2023-01-18
720,144,9,Θηλαστικό,Παμφάγο,Καφέ αρκούδα,Πέτρα,6,104,2023-01-18
721,394,26,Πτηνό,Φυτοφάγο,Χήνα,Κοσμάς,22,3,2023-01-31
722,134,5,Θηλαστικό,Φυτοφάγο,Καμήλα,Κύρος,3,82,2023-01-27
723,439,5,Θηλαστικό,Φυτοφάγο,Καμήλα,Μιχαήλ,4,94,2023-01-31
724,224,26,Πτηνό,Φυτοφάγο,Χήνα,Ντανιέλα,5,2,2023-01-16
725,157,24,Ερπετό,Σαρκοφάγο,Κροκόδειλος του Νείλου,Πελοπίδας,22,546,2023-01-29
726,266,13,Θηλαστικό,Φυτοφάγο,Λευκός Ρινόκερος,Θαλασσινή,20,1659,2023-01-28
727,212,3,Θηλαστικό,Φυτοφάγο,Αντιλόπη του Νερού,Ευανθία,2,113,2023-01-17
728,517,26,Πτηνό,Φυτοφάγο,Χήνα,Δαμιανός,18,3,2023-01-18
729,437,26,Πτηνό,Φυτοφάγο,Χήνα,Αναγνώστης,9,3,2023-01-30
730,52,23,Ερπετό,Σαρκοφάγο,Δράκος του Κόμοντο,Απόλλων,13,67,2023-01-23
731,502,11,Θηλαστικό,Φυτοφάγο,Κρι-κρι,Αρχιμήδης,7,32,2023-01-18
732,500,24,Ερπετό,Σαρκοφάγο,Κροκόδειλος του Νείλου,Τρισεύγενη,13,915,2023-01-22
733,142,14,Θηλαστικό,Σαρκοφάγο,Λιοντάρι,Νίκανδρος,19,145,2023-01-20
734,281,27,Πτηνό,Παμφάγο,Ασημένιος Φασιανός,Αθηναγόρας,4,2,2023-01-11
735,242,9,Θηλαστικό,Παμφάγο,Καφέ αρκούδα,Χριστόφορος,17,263,2023-01-31
736,201,7,Θηλαστικό,Φυτοφάγο,Καμηλοπάρδαλη,Ευδοξία,6,191,2023-01-29
737,437,26,Πτηνό,Φυτοφάγο,Χήνα,Κλαίρη,19,2,2023-01-24
738,189,11,Θηλαστικό,Φυτοφάγο,Κρι-κρι,Ελεονόρα,5,25,2023-01-25
739,550,21,Ερπετό,Σαρκοφάγο,Πύθωνας,Κρυσταλλένια,23,127,2023-01-29
740,135,9,Θηλαστικό,Παμφάγο,Καφέ αρκούδα,Τσαμπίκος,3,201,2023-01-18
741,149,11,Θηλαστικό,Φυτοφάγο,Κρι-κρι,Σέργιος,3,53,2023-01-17
742,83,19,Ερπετό,Σαρκοφάγο,Αλιγάτορας,Ευθυμία,60,337,2023-01-17
743,572,10,Θηλαστικό,Φυτοφάγο,Κόκκινο Πάντα,Δροσιά,10,1,2023-01-11
744,356,17,Θηλαστικό,Σαρκοφάγο,Τίγρης,Διαμαντούλα,29,95,2023-01-21
745,19,16,Θηλαστικό,Σαρκοφάγο,Ιπποπόταμος,Πολυνίκη,11,31,2023-01-14
746,122,5,Θηλαστικό,Φυτοφάγο,Καμήλα,Θεοφάνης,15,118,2023-01-30
747,223,15,Θηλαστικό,Σαρκοφάγο,Λεοπάρδαλη,Μινέρβα,4,15,2023-01-27
748,524,8,Θηλαστικό,Φυτοφάγο,Ζέβρα,Βενιζέλος,17,223,2023-01-11
749,59,27,Πτηνό,Παμφάγο,Ασημένιος Φασιανός,Μηνάς,6,1,2023-01-28
750,235,29,Πτηνό,Παμφάγο,Βασιλικός Γύπας,Γραμματική,16,3,2023-01-20
751,227,10,Θηλαστικό,Φυτοφάγο,Κόκκινο Πάντα,Κωστούλα,6,3,2023-01-18
752,584,29,Πτηνό,Παμφάγο,Βασιλικός Γύπας,Λαυρέντιος,8,3,2023-01-12
753,317,17,Θηλαστικό,Σαρκοφάγο,Τίγρης,Νίκανδρος,10,66,2023-01-15
754,283,29,Πτηνό,Παμφάγο,Βασιλικός Γύπας,Μαγδαληνή,22,2,2023-01-20
755,119,17,Θηλαστικό,Σαρκοφάγο,Τίγρης,Ματθίλδη,25,68,2023-01-27
756,128,21,Ερπετό,Σαρκοφάγο,Πύθωνας,Ευμένιος,2,95,2023-01-21
757,357,7,Θηλαστικό,Φυτοφάγο,Καμηλοπάρδαλη,Μυρτώ,18,102,2023-01-21
758,84,22,Ερπετό,Σαρκοφάγο,Ανακόντα,Λουκιανός,16,26,2023-01-12
759,56,2,Θηλαστικό,Παμφάγο,Αλεπού Φέννεκ,Στυλιανός,1,1,2023-01-30
760,528,29,Πτηνό,Παμφάγο,Βασιλικός Γύπας,Τζένη,40,1,2023-01-24
761,470,26,Πτηνό,Φυτοφάγο,Χήνα,Πλάτων,24,1,2023-01-18
762,463,4,Θηλαστικό,Φυτοφάγο,Ελέφαντας,Ευστρατία,32,484,2023-01-17
763,297,16,Θηλαστικό,Σαρκοφάγο,Ιπποπόταμος,Ίρις,15,69,2023-01-18
764,329,7,Θηλαστικό,Φυτοφάγο,Καμηλοπάρδαλη,Ινώ,16,204,2023-01-15
765,140,4,Θηλαστικό,Φυτοφάγο,Ελέφαντας,Βικέντια,33,393,2023-01-17
766,424,10,Θηλαστικό,Φυτοφάγο,Κόκκινο Πάντα,Μιράντα,1,3,2023-01-16
767,265,26,Πτηνό,Φυτοφάγο,Χήνα,Κλημεντίνη,30,3,2023-01-18
768,516,7,Θηλαστικό,Φυτοφάγο,Καμηλοπάρδαλη,Θεοχαρούλα,21,239,2023-01-27
769,496,21,Ερπετό,Σαρκοφάγο,Πύθωνας,Χρίστος,21,120,2023-01-21
770,346,30,Πτηνό,Φυτοφάγο,Βούκερος ο Υδροκόρακας,Αυξέντιος,21,3,2023-01-11
771,101,23,Ερπετό,Σαρκοφάγο,Δράκος του Κόμοντο,Ζαφειρία,17,50,2023-01-18
772,30,15,Θηλαστικό,Σαρκοφάγο,Λεοπάρδαλη,Μαρκέλλα,19,16,2023-01-23
773,120,5,Θηλαστικό,Φυτοφάγο,Καμήλα,Μικές,11,135,2023-01-11
774,533,5,Θηλαστικό,Φυτοφάγο,Καμήλα,Γεώργιος,2,209,2023-01-18
775,570,9,Θηλαστικό,Παμφάγο,Καφέ αρκούδα,Τρύφων,28,203,2023-01-25
776,281,18,Θηλαστικό,Παμφάγο,Χιμπατζής,Πέτρος,47,43,2023-01-24
777,583,28,Πτηνό,Σαρκοφάγο,Ασπροκέφαλος Γύπας,Θέκλα,20,3,2023-01-27
778,553,13,Θηλαστικό,Φυτοφάγο,Λευκός Ρινόκερος,Ροδαμάνθη,41,1381,2023-01-31
779,503,24,Ερπετό,Σαρκοφάγο,Κροκόδειλος του Νείλου,Θαλής,9,716,2023-01-19
780,225,19,Ερπετό,Σαρκοφάγο,Αλιγάτορας,Πολυχρονία,16,214,2023-01-22
781,456,21,Ερπετό,Σαρκοφάγο,Πύθωνας,Περικλής,21,114,2023-01-11
782,436,22,Ερπετό,Σαρκοφάγο,Ανακόντα,Νερατζιά,12,17,2023-01-18
783,552,6,Θηλαστικό,Σαρκοφάγο,Γκρίζος Λύκος,Ευθαλία,7,40,2023-01-28
784,144,11,Θηλαστικό,Φυτοφάγο,Κρι-κρι,Αρχέλαος,10,24,2023-01-23
785,599,2,Θηλαστικό,Παμφάγο,Αλεπού Φέννεκ,Γλυκερία,4,1,2023-01-21
786,303,4,Θηλαστικό,Φυτοφάγο,Ελέφαντας,Δομήνικος,27,409,2023-01-23
787,467,12,Θηλαστικό,Φυτοφάγο,Λεμούριος Κιάττα,Φλώρα,19,2,2023-01-27
788,379,20,Ερπετό,Σαρκοφάγο,Βόας,Οδυσσέας,19,17,2023-01-20
789,14,6,Θηλαστικό,Σαρκοφάγο,Γκρίζος Λύκος,Καλλίνικη,5,42,2023-01-14
790,96,6,Θηλαστικό,Σαρκοφάγο,Γκρίζος Λύκος,Γρηγόριος,9,28,2023-01-18
791,211,17,Θηλαστικό,Σαρκοφάγο,Τίγρης,Χιονιά,17,115,2023-01-24
792,494,30,Πτηνό,Φυτοφάγο,Βούκερος ο Υδροκόρακας,Λάζαρος,9,2,2023-01-15
793,579,4,Θηλαστικό,Φυτοφάγο,Ελέφαντας,Ταξιάρχης,21,614,2023-01-28
794,446,7,Θηλαστικό,Φυτοφάγο,Καμηλοπάρδαλη,Χριστιάνα,20,227,2023-01-12
795,352,14,Θηλαστικό,Σαρκοφάγο,Λιοντάρι,Γκόλφω,16,116,2023-01-13
796,483,25,Ερπετό,Φυτοφάγο,Χελώνα,Νικόδημος,66,32,2023-01-20
797,276,27,Πτηνό,Παμφάγο,Ασημένιος Φασιανός,Φοίβη,3,2,2023-01-20
798,428,21,Ερπετό,Σαρκοφάγο,Πύθωνας,Τιμοθέα,27,127,2023-01-15
799,154,1,Θηλαστικό,Φυτοφάγο,Άγριο Γαϊδούρι,Ευθαλία,15,70,2023-01-19
800,90,1,Θηλαστικό,Φυτοφάγο,Άγριο Γαϊδούρι,Ερωτόκριτος,21,102,2023-01-23
801,383,10,Θηλαστικό,Φυτοφάγο,Κόκκινο Πάντα,Θουκυδίδης,7,1,2023-01-24
802,412,24,Ερπετό,Σαρκοφάγο,Κροκόδειλος του Νείλου,Ολύμπια,19,735,2023-01-25
803,279,25,Ερπετό,Φυτοφάγο,Χελώνα,Κύρος,141,21,2023-01-19
804,144,30,Πτηνό,Φυτοφάγο,Βούκερος ο Υδροκόρακας,Παντελεήμων,59,2,2023-01-13
805,204,13,Θηλαστικό,Φυτοφάγο,Λευκός Ρινόκερος,Ματρώνη,38,1215,2023-01-15
806,328,10,Θηλαστικό,Φυτοφάγο,Κόκκινο Πάντα,Δήμητρα,3,1,2023-01-11
807,415,7,Θηλαστικό,Φυτοφάγο,Καμηλοπάρδαλη,Μαριάννα,29,241,2023-01-22
808,578,18,Θηλαστικό,Παμφάγο,Χιμπατζής,Φλοριάντ,15,58,2023-01-16
809,38,22,Ερπετό,Σαρκοφάγο,Ανακόντα,Τίτος,5,26,2023-01-30
810,79,10,Θηλαστικό,Φυτοφάγο,Κόκκινο Πάντα,Ανανίας,2,2,2023-01-27
811,511,5,Θηλαστικό,Φυτοφάγο,Καμήλα,Φρίξος,14,122,2023-01-24
812,36,12,Θηλαστικό,Φυτοφάγο,Λεμούριος Κιάττα,Βαλεντίνος,15,3,2023-01-15
813,505,13,Θηλαστικό,Φυτοφάγο,Λευκός Ρινόκερος,Μόσχα,21,1793,2023-01-29
814,565,30,Πτηνό,Φυτοφάγο,Βούκερος ο Υδροκόρακας,Ιερόθεος,51,3,2023-01-14
815,152,23,Ερπετό,Σαρκοφάγο,Δράκος του Κόμοντο,Μιράντα,26,113,2023-01-17
816,468,22,Ερπετό,Σαρκοφάγο,Ανακόντα,Κυπαρισσία,15,12,2023-01-14
817,295,25,Ερπετό,Φυτοφάγο,Χελώνα,Κηρύκος,78,19,2023-01-17
818,185,24,Ερπετό,Σαρκοφάγο,Κροκόδειλος του Νείλου,Κλεομένης,36,374,2023-01-16
819,461,16,Θηλαστικό,Σαρκοφάγο,Ιπποπόταμος,Διαμάντω,7,30,2023-01-31
820,481,1,Θηλαστικό,Φυτοφάγο,Άγριο Γαϊδούρι,Γιαννούλα,25,196,2023-01-14
821,358,11,Θηλαστικό,Φυτοφάγο,Κρι-κρι,Ερατώ,18,50,2023-01-13
822,593,17,Θηλαστικό,Σαρκοφάγο,Τίγρης,Θεολογία,28,130,2023-01-26
823,321,16,Θηλαστικό,Σαρκοφάγο,Ιπποπόταμος,Νικητία,16,44,2023-01-23
824,561,2,Θηλαστικό,Παμφάγο,Αλεπού Φέννεκ,Ευθαλία,10,1,2023-01-14
825,451,18,Θηλαστικό,Παμφάγο,Χιμπατζής,Λεμονιά,37,33,2023-01-15
826,321,1,Θηλαστικό,Φυτοφάγο,Άγριο Γαϊδούρι,Ιφιγένεια,5,114,2023-01-25
827,59,20,Ερπετό,Σαρκοφάγο,Βόας,Τσαμπίκα,16,22,2023-01-13
828,253,28,Πτηνό,Σαρκοφάγο,Ασπροκέφαλος Γύπας,Θεοχαρούλα,18,4,2023-01-25
829,204,11,Θηλαστικό,Φυτοφάγο,Κρι-κρι,Βερόνικα,28,20,2023-01-22
830,12,29,Πτηνό,Παμφάγο,Βασιλικός Γύπας,Ορέστης,16,1,2023-01-22
831,459,5,Θηλαστικό,Φυτοφάγο,Καμήλα,Θέμης,15,179,2023-01-26
832,226,1,Θηλαστικό,Φυτοφάγο,Άγριο Γαϊδούρι,Ιερόθεος,25,177,2023-01-19
833,219,22,Ερπετό,Σαρκοφάγο,Ανακόντα,Μαρωτέσα,19,13,2023-01-26
834,11,7,Θηλαστικό,Φυτοφάγο,Καμηλοπάρδαλη,Μίνωας,6,154,2023-01-29
835,255,16,Θηλαστικό,Σαρκοφάγο,Ιπποπόταμος,Αγάπη,17,72,2023-01-15
836,482,16,Θηλαστικό,Σαρκοφάγο,Ιπποπόταμος,Κοσμάς,14,60,2023-01-23
837,135,30,Πτηνό,Φυτοφάγο,Βούκερος ο Υδροκόρακας,Ευκλείδης,1,2,2023-01-29
838,428,18,Θηλαστικό,Παμφάγο,Χιμπατζής,Πάρις,52,50,2023-01-18
839,295,7,Θηλαστικό,Φυτοφάγο,Καμηλοπάρδαλη,Ευκλείδης,4,293,2023-01-12
840,152,30,Πτηνό,Φυτοφάγο,Βούκερος ο Υδροκόρακας,Τατιάνα,30,2,2023-01-24
841,174,25,Ερπετό,Φυτοφάγο,Χελώνα,Ελισσαίος,98,29,2023-01-21
842,328,23,Ερπετό,Σαρκοφάγο,Δράκος του Κόμοντο,Διδώ,49,123,2023-01-29
843,1,19,Ερπετό,Σαρκοφάγο,Αλιγάτορας,Ισιδώρα,46,338,2023-01-13
844,323,5,Θηλαστικό,Φυτοφάγο,Καμήλα,Επιστήμη,21,141,2023-01-25
845,105,16,Θηλαστικό,Σαρκοφάγο,Ιπποπόταμος,Όθων,7,58,2023-01-31
846,94,20,Ερπετό,Σαρκοφάγο,Βόας,Σταμάτης,7,16,2023-01-17
847,444,1,Θηλαστικό,Φυτοφάγο,Άγριο Γαϊδούρι,Επαμεινώνδας,18,142,2023-01-14
848,404,13,Θηλαστικό,Φυτοφάγο,Λευκός Ρινόκερος,Μαριλένα,17,1740,2023-01-16
849,291,6,Θηλαστικό,Σαρκοφάγο,Γκρίζος Λύκος,Θεολόγος,1,18,2023-01-15
850,524,8,Θηλαστικό,Φυτοφάγο,Ζέβρα,Αύγουστος,15,152,2023-01-25
851,592,11,Θηλαστικό,Φυτοφάγο,Κρι-κρι,Γιασεμή,7,23,2023-01-29
852,86,5,Θηλαστικό,Φυτοφάγο,Καμήλα,Κλεάνθης,14,76,2023-01-17
853,363,18,Θηλαστικό,Παμφάγο,Χιμπατζής,Καλλίνικη,59,42,2023-01-27
854,100,8,Θηλαστικό,Φυτοφάγο,Ζέβρα,Κατερίνα,24,81,2023-01-14
855,387,9,Θηλαστικό,Παμφάγο,Καφέ αρκούδα,Συμεώνη,6,166,2023-01-24
856,337,29,Πτηνό,Παμφάγο,Βασιλικός Γύπας,Νικολίτσα,40,2,2023-01-26
857,291,29,Πτηνό,Παμφάγο,Βασιλικός Γύπας,Αρχέλαος,37,1,2023-01-22
858,19,6,Θηλαστικό,Σαρκοφάγο,Γκρίζος Λύκος,Θεοφάνης,2,28,2023-01-26
859,546,28,Πτηνό,Σαρκοφάγο,Ασπροκέφαλος Γύπας,Ανδρονίκη,11,6,2023-01-11
860,381,20,Ερπετό,Σαρκοφάγο,Βόας,Κομνηνή,11,7,2023-01-17
861,441,27,Πτηνό,Παμφάγο,Ασημένιος Φασιανός,Κλειώ,10,1,2023-01-20
862,312,12,Θηλαστικό,Φυτοφάγο,Λεμούριος Κιάττα,Νικόλαος,21,2,2023-01-23
863,66,28,Πτηνό,Σαρκοφάγο,Ασπροκέφαλος Γύπας,Κυπριανή,20,5,2023-01-17
864,354,12,Θηλαστικό,Φυτοφάγο,Λεμούριος Κιάττα,Διομήδης,4,2,2023-01-13
865,33,5,Θηλαστικό,Φυτοφάγο,Καμήλα,Λεώνη,24,147,2023-01-21
866,446,21,Ερπετό,Σαρκοφάγο,Πύθωνας,Μυρσίνη,5,76,2023-01-14
867,93,24,Ερπετό,Σαρκοφάγο,Κροκόδειλος του Νείλου,Μαυροειδής,20,964,2023-01-25
868,506,22,Ερπετό,Σαρκοφάγο,Ανακόντα,Ιερώνυμος,13,10,2023-01-29
869,555,5,Θηλαστικό,Φυτοφάγο,Καμήλα,Φανούριος,2,97,2023-01-30
870,471,1,Θηλαστικό,Φυτοφάγο,Άγριο Γαϊδούρι,Θεοδόσιος,14,124,2023-01-22
871,36,24,Ερπετό,Σαρκοφάγο,Κροκόδειλος του Νείλου,Λαμπρινή,53,798,2023-01-25
872,202,27,Πτηνό,Παμφάγο,Ασημένιος Φασιανός,Μαύρα,1,3,2023-01-18
873,247,12,Θηλαστικό,Φυτοφάγο,Λεμούριος Κιάττα,Αύγουστος,28,3,2023-01-23
874,389,7,Θηλαστικό,Φυτοφάγο,Καμηλοπάρδαλη,Θεοδοσία,24,117,2023-01-17
875,502,3,Θηλαστικό,Φυτοφάγο,Αντιλόπη του Νερού,Νικητία,6,93,2023-01-25
876,242,6,Θηλαστικό,Σαρκοφάγο,Γκρίζος Λύκος,Δήμητρα,9,45,2023-01-15
877,578,7,Θηλαστικό,Φυτοφάγο,Καμηλοπάρδαλη,Δούκισσα,9,165,2023-01-31
878,420,27,Πτηνό,Παμφάγο,Ασημένιος Φασιανός,Πουλχερία,1,3,2023-01-29
879,360,19,Ερπετό,Σαρκοφάγο,Αλιγάτορας,Γιολάντα,5,233,2023-01-28
880,62,3,Θηλαστικό,Φυτοφάγο,Αντιλόπη του Νερού,Βασιλεία,13,128,2023-01-31
881,481,12,Θηλαστικό,Φυτοφάγο,Λεμούριος Κιάττα,Νομική,26,2,2023-01-25
882,218,12,Θηλαστικό,Φυτοφάγο,Λεμούριος Κιάττα,Στεργιαννώ,4,3,2023-01-30
883,168,16,Θηλαστικό,Σαρκοφάγο,Ιπποπόταμος,Ματθίλδη,19,52,2023-01-28
884,173,6,Θηλαστικό,Σαρκοφάγο,Γκρίζος Λύκος,Ερμής,3,19,2023-01-15
885,119,30,Πτηνό,Φυτοφάγο,Βούκερος ο Υδροκόρακας,Βαλάντω,10,2,2023-01-11
886,147,7,Θηλαστικό,Φυτοφάγο,Καμηλοπάρδαλη,Αντωνία,7,146,2023-01-31
887,130,21,Ερπετό,Σαρκοφάγο,Πύθωνας,Ντανιέλα,5,131,2023-01-19
888,469,24,Ερπετό,Σαρκοφάγο,Κροκόδειλος του Νείλου,Θωμαίς,20,460,2023-01-16
889,464,7,Θηλαστικό,Φυτοφάγο,Καμηλοπάρδαλη,Φραγκίσκος,24,120,2023-01-29
890,185,26,Πτηνό,Φυτοφάγο,Χήνα,Ελισσαίος,18,2,2023-01-30
891,377,23,Ερπετό,Σαρκοφάγο,Δράκος του Κόμοντο,Γαλάτεια,38,71,2023-01-24
892,281,15,Θηλαστικό,Σαρκοφάγο,Λεοπάρδαλη,Κανέλλα,9,29,2023-01-21
893,101,6,Θηλαστικό,Σαρκοφάγο,Γκρίζος Λύκος,Θεόδουλος,6,26,2023-01-16
894,246,4,Θηλαστικό,Φυτοφάγο,Ελέφαντας,Αριστομένης,21,420,2023-01-27
895,483,27,Πτηνό,Παμφάγο,Ασημένιος Φασιανός,Σεμίνα,5,2,2023-01-30
896,449,20,Ερπετό,Σαρκοφάγο,Βόας,Κλεονίκη,26,7,2023-01-26
897,216,15,Θηλαστικό,Σαρκοφάγο,Λεοπάρδαλη,Φλωρεντία,17,25,2023-01-15
898,157,1,Θηλαστικό,Φυτοφάγο,Άγριο Γαϊδούρι,Εύκλεια,23,160,2023-01-28
899,189,13,Θηλαστικό,Φυτοφάγο,Λευκός Ρινόκερος,Αντώνιος,38,2891,2023-01-30
900,291,6,Θηλαστικό,Σαρκοφάγο,Γκρίζος Λύκος,Φοίβος,9,22,2023-01-13
901,6,20,Ερπετό,Σαρκοφάγο,Βόας,Χάρη,25,20,2023-01-17
902,2,17,Θηλαστικό,Σαρκοφάγο,Τίγρης,Γαρύφαλλος,9,76,2023-01-25
903,42,22,Ερπετό,Σαρκοφάγο,Ανακόντα,Τιμολέων,17,21,2023-01-27
904,424,23,Ερπετό,Σαρκοφάγο,Δράκος του Κόμοντο,Ντανιέλα,1,46,2023-01-25
905,371,9,Θηλαστικό,Παμφάγο,Καφέ αρκούδα,Κρυστάλλης,26,122,2023-01-25
906,403,5,Θηλαστικό,Φυτοφάγο,Καμήλα,Περσεφόνη,11,109,2023-01-21
907,472,7,Θηλαστικό,Φυτοφάγο,Καμηλοπάρδαλη,Παυσανίας,23,228,2023-01-24
908,154,11,Θηλαστικό,Φυτοφάγο,Κρι-κρι,Δημούλα,23,26,2023-01-23
909,447,4,Θηλαστικό,Φυτοφάγο,Ελέφαντας,Ανδρομάχη,34,681,2023-01-17
910,52,17,Θηλαστικό,Σαρκοφάγο,Τίγρης,Τρισεύγενη,6,87,2023-01-27
911,430,21,Ερπετό,Σαρκοφάγο,Πύθωνας,Μηλιά,6,105,2023-01-20
912,217,25,Ερπετό,Φυτοφάγο,Χελώνα,Χριστόδουλος,3,30,2023-01-22
913,37,18,Θηλαστικό,Παμφάγο,Χιμπατζής,Αφέντρα,6,23,2023-01-15
914,70,12,Θηλαστικό,Φυτοφάγο,Λεμούριος Κιάττα,Ιοκάστη,30,2,2023-01-29
915,594,21,Ερπετό,Σαρκοφάγο,Πύθωνας,Κυπαρισσία,10,207,2023-01-13
916,71,27,Πτηνό,Παμφάγο,Ασημένιος Φασιανός,Μαυροειδής,4,1,2023-01-26
917,512,12,Θηλαστικό,Φυτοφάγο,Λεμούριος Κιάττα,Χριστοδούλα,3,3,2023-01-21
918,97,11,Θηλαστικό,Φυτοφάγο,Κρι-κρι,Διαλεκτή,30,52,2023-01-12
919,325,8,Θηλαστικό,Φυτοφάγο,Ζέβρα,Νικητία,17,223,2023-01-25
920,6,5,Θηλαστικό,Φυτοφάγο,Καμήλα,Θεοδόσιος,19,176,2023-01-27
921,484,22,Ερπετό,Σαρκοφάγο,Ανακόντα,Χάιδω,9,20,2023-01-29
922,374,29,Πτηνό,Παμφάγο,Βασιλικός Γύπας,Στεργιανή,24,2,2023-01-19
923,147,16,Θηλαστικό,Σαρκοφάγο,Ιπποπόταμος,Παντελεήμων,20,44,2023-01-27
924,474,24,Ερπετό,Σαρκοφάγο,Κροκόδειλος του Νείλου,Κλειώ,8,581,2023-01-28
925,421,11,Θηλαστικό,Φυτοφάγο,Κρι-κρι,Τζανέτος,26,27,2023-01-31
926,499,13,Θηλαστικό,Φυτοφάγο,Λευκός Ρινόκερος,Αργυρώ,20,1631,2023-01-30
927,419,27,Πτηνό,Παμφάγο,Ασημένιος Φασιανός,Διαλεκτή,10,1,2023-01-11
928,334,17,Θηλαστικό,Σαρκοφάγο,Τίγρης,Πολυνίκη,11,144,2023-01-26
929,94,14,Θηλαστικό,Σαρκοφάγο,Λιοντάρι,Διογένης,17,108,2023-01-17
930,70,30,Πτηνό,Φυτοφάγο,Βούκερος ο Υδροκόρακας,Ιωσηφίνα,41,1,2023-01-27
931,457,22,Ερπετό,Σαρκοφάγο,Ανακόντα,Δημούλα,3,15,2023-01-31
932,517,30,Πτηνό,Φυτοφάγο,Βούκερος ο Υδροκόρακας,Τρισεύγενη,57,2,2023-01-25
933,435,17,Θηλαστικό,Σαρκοφάγο,Τίγρης,Ερμής,1,77,2023-01-16
934,2,7,Θηλαστικό,Φυτοφάγο,Καμηλοπάρδαλη,Ανέστης,11,135,2023-01-18
935,375,7,Θηλαστικό,Φυτοφάγο,Καμηλοπάρδαλη,Αριστείδης,23,220,2023-01-23
936,549,22,Ερπετό,Σαρκοφάγο,Ανακόντα,Προδρομία,6,26,2023-01-14
937,194,3,Θηλαστικό,Φυτοφάγο,Αντιλόπη του Νερού,Γρηγόριος,15,66,2023-01-16
938,27,10,Θηλαστικό,Φυτοφάγο,Κόκκινο Πάντα,Ευριπίδης,4,2,2023-01-31
939,235,17,Θηλαστικό,Σαρκοφάγο,Τίγρης,Αλέξιος,13,74,2023-01-16
940,410,3,Θηλαστικό,Φυτοφάγο,Αντιλόπη του Νερού,Θουκυδίδης,10,100,2023-01-13
941,474,21,Ερπετό,Σαρκοφάγο,Πύθωνας,Κυριαζής,28,139,2023-01-15
942,127,24,Ερπετό,Σαρκοφάγο,Κροκόδειλος του Νείλου,Χαρά,52,755,2023-01-24
943,84,6,Θηλαστικό,Σαρκοφάγο,Γκρίζος Λύκος,Σωζούσα,3,25,2023-01-18
944,516,13,Θηλαστικό,Φυτοφάγο,Λευκός Ρινόκερος,Λαοκράτης,1,2373,2023-01-30
945,477,8,Θηλαστικό,Φυτοφάγο,Ζέβρα,Ειρηναίος,26,115,2023-01-13
946,355,23,Ερπετό,Σαρκοφάγο,Δράκος του Κόμοντο,Γεράσιμος,38,113,2023-01-25
947,261,5,Θηλαστικό,Φυτοφάγο,Καμήλα,Θεοδότη,25,133,2023-01-22
948,119,27,Πτηνό,Παμφάγο,Ασημένιος Φασιανός,Τσαμπίκα,6,3,2023-01-29
949,243,2,Θηλαστικό,Παμφάγο,Αλεπού Φέννεκ,Βενιαμίν,1,1,2023-01-13
950,414,8,Θηλαστικό,Φυτοφάγο,Ζέβρα,Παυλίνα,6,213,2023-01-17
951,552,18,Θηλαστικό,Παμφάγο,Χιμπατζής,Ίρις,50,34,2023-01-19
952,448,17,Θηλαστικό,Σαρκοφάγο,Τίγρης,Θεμιστοκλής,14,134,2023-01-14
953,38,5,Θηλαστικό,Φυτοφάγο,Καμήλα,Ίρις,2,183,2023-01-21
954,51,17,Θηλαστικό,Σαρκοφάγο,Τίγρης,Πούλια,28,66,2023-01-30
955,247,13,Θηλαστικό,Φυτοφάγο,Λευκός Ρινόκερος,Κοσμάς,16,2483,2023-01-29
956,317,29,Πτηνό,Παμφάγο,Βασιλικός Γύπας,Ρωμανός,29,2,2023-01-13
957,242,3,Θηλαστικό,Φυτοφάγο,Αντιλόπη του Νερού,Φανή,15,90,2023-01-19
958,513,2,Θηλαστικό,Παμφάγο,Αλεπού Φέννεκ,Δανάη,8,1,2023-01-11
959,299,28,Πτηνό,Σαρκοφάγο,Ασπροκέφαλος Γύπας,Ανθή,20,5,2023-01-19
960,30,15,Θηλαστικό,Σαρκοφάγο,Λεοπάρδαλη,Τριαντάφυλλη,7,17,2023-01-13
961,322,25,Ερπετό,Φυτοφάγο,Χελώνα,Θεοδώρα,63,21,2023-01-22
962,393,30,Πτηνό,Φυτοφάγο,Βούκερος ο Υδροκόρακας,Κλέαρχος,56,2,2023-01-11
963,213,21,Ερπετό,Σαρκοφάγο,Πύθωνας,Δάφνη,27,151,2023-01-16
964,45,23,Ερπετό,Σαρκοφάγο,Δράκος του Κόμοντο,Σπάρτη,25,125,2023-01-31
965,92,25,Ερπετό,Φυτοφάγο,Χελώνα,Κυδωνία,72,35,2023-01-16
966,332,14,Θηλαστικό,Σαρκοφάγο,Λιοντάρι,Κηρύκος,1,286,2023-01-17
967,183,15,Θηλαστικό,Σαρκοφάγο,Λεοπάρδαλη,Διονυσία,7,23,2023-01-11
968,204,9,Θηλαστικό,Παμφάγο,Καφέ αρκούδα,Γιώργος,11,131,2023-01-26
969,557,17,Θηλαστικό,Σαρκοφάγο,Τίγρης,Ευθυμία,20,135,2023-01-26
970,409,10,Θηλαστικό,Φυτοφάγο,Κόκκινο Πάντα,Νικόλαος,5,3,2023-01-13
971,547,12,Θηλαστικό,Φυτοφάγο,Λεμούριος Κιάττα,Δανάη,20,3,2023-01-27
972,181,29,Πτηνό,Παμφάγο,Βασιλικός Γύπας,Αριστείδης,34,3,2023-01-12
973,50,20,Ερπετό,Σαρκοφάγο,Βόας,Βικέντια,3,22,2023-01-22
974,36,11,Θηλαστικό,Φυτοφάγο,Κρι-κρι,Μεθόδιος,20,52,2023-01-22
975,577,25,Ερπετό,Φυτοφάγο,Χελώνα,Βικέντια,63,18,2023-01-31
976,92,28,Πτηνό,Σαρκοφάγο,Ασπροκέφαλος Γύπας,Κλεάνθης,14,6,2023-01-22
977,18,11,Θηλαστικό,Φυτοφάγο,Κρι-κρι,Ναταλία,23,56,2023-01-29
978,340,28,Πτηνό,Σαρκοφάγο,Ασπροκέφαλος Γύπας,Γραμματική,4,2,2023-01-25
979,98,24,Ερπετό,Σαρκοφάγο,Κροκόδειλος του Νείλου,Αστέρω,17,1005,2023-01-11
980,454,4,Θηλαστικό,Φυτοφάγο,Ελέφαντας,Κωνσταντίνος,20,741,2023-01-16
981,58,12,Θηλαστικό,Φυτοφάγο,Λεμούριος Κιάττα,Ισαβέλλα,1,1,2023-01-17
982,431,15,Θηλαστικό,Σαρκοφάγο,Λεοπάρδαλη,Αγαθοκλής,6,20,2023-01-29
983,237,24,Ερπετό,Σαρκοφάγο,Κροκόδειλος του Νείλου,Αθηναγόρας,11,363,2023-01-21
984,263,29,Πτηνό,Παμφάγο,Βασιλικός Γύπας,Ελευθέριος,2,3,2023-01-23
985,446,26,Πτηνό,Φυτοφάγο,Χήνα,Ελευθέριος,4,2,2023-01-24
986,264,29,Πτηνό,Παμφάγο,Βασιλικός Γύπας,Παναγία,40,1,2023-01-21
987,371,27,Πτηνό,Παμφάγο,Ασημένιος Φασιανός,Γλυκερία,9,3,2023-01-14
988,305,15,Θηλαστικό,Σαρκοφάγο,Λεοπάρδαλη,Ελπίδα,2,11,2023-01-19
989,185,20,Ερπετό,Σαρκοφάγο,Βόας,Σολομών,7,11,2023-01-31
990,184,19,Ερπετό,Σαρκοφάγο,Αλιγάτορας,Μηνάς,23,271,2023-01-28
991,290,29,Πτηνό,Παμφάγο,Βασιλικός Γύπας,Αρτέμιος,5,2,2023-01-30
992,521,9,Θηλαστικό,Παμφάγο,Καφέ αρκούδα,Ιγνατία,24,147,2023-01-23
993,383,6,Θηλαστικό,Σαρκοφάγο,Γκρίζος Λύκος,Αθανασία,8,24,2023-01-12
994,168,4,Θηλαστικό,Φυτοφάγο,Ελέφαντας,Βενέτιος,15,441,2023-01-22
995,290,3,Θηλαστικό,Φυτοφάγο,Αντιλόπη του Νερού,Κρινιώ,10,99,2023-01-29
996,542,3,Θηλαστικό,Φυτοφάγο,Αντιλόπη του Νερού,Ηλιάνα,13,66,2023-01-13
997,448,5,Θηλαστικό,Φυτοφάγο,Καμήλα,Σεβαστιανή,15,86,2023-01-11
998,92,6,Θηλαστικό,Σαρκοφάγο,Γκρίζος Λύκος,Μερκούριος,5,18,2023-01-23
999,129,16,Θηλαστικό,Σαρκοφάγο,Ιπποπόταμος,Κωνσταντία,4,49,2023-01-19
1000,313,13,Θηλαστικό,Φυτοφάγο,Λευκός Ρινόκερος,Αλκινόη,3,2394,2023-01-17
